linkedin_url,Is_Sent
https://www.linkedin.com/in/renesultan/,1
https://www.linkedin.com/in/chloesamaha/,1
https://www.linkedin.com/in/aravseth,1
https://linkedin.com/in/kesavkosana,1
https://www.linkedin.com/in/hardiksingh,1
https://www.linkedin.com/in/kumarhans/,1
https://www.linkedin.com/in/noah-pacik-nelson/,1
https://www.linkedin.com/in/chris-markus/,1
https://linkedin.com/in/gokhan-egri,1
https://linkedin.com/in/ishanagrawal,1
https://www.linkedin.com/in/govindchandrasekhar/,1
https://www.linkedin.com/in/praveens07/,1
https://www.linkedin.com/in/scottstankey/,1
https://www.linkedin.com/in/michael-magaraci/,1
https://linkedin.com/in/jason-apostol-063039a5,1
https://www.linkedin.com/in/walker-wells-8a85b1198/,1
https://www.linkedin.com/in/magnus-mueller,1
https://linkedin.com/in/gregorzunic,1
https://www.linkedin.com/in/nithinsonti,1
https://www.linkedin.com/in/nikhil-sv/,1
https://www.linkedin.com/in/matt-puchalski/,1
https://www.linkedin.com/in/stephan-wolski/,1
https://www.linkedin.com/in/rheakarimpanal/,1
https://linkedin.com/in/chandrushanmugasundaram,1
https://www.linkedin.com/in/josephjacob93,1
https://www.linkedin.com/in/corey-anderson-3875a11aa/,1
https://www.linkedin.com/in/cameron-hake-651062194/,1
https://www.linkedin.com/in/charlie-maki-40543617a/,1
https://www.linkedin.com/in/edunteman/,1
https://linkedin.com/in/henry-ndubuaku-7b6350b8,1
https://www.linkedin.com/in/roman-shemet/,1
https://www.linkedin.com/in/mason-michael/,1
https://www.linkedin.com/in/carlosjimenezcastrillo/,1
https://linkedin.com/in/alexandermhoward,1
https://www.linkedin.com/in/alanrxie,1
https://linkedin.com/in/paulobautista,1
https://www.linkedin.com/in/robertsonotaylor/,1
https://www.linkedin.com/in/qian-kun/,1
https://www.linkedin.com/in/keatonelvins/,1
https://www.linkedin.com/in/rothvann/,1
https://www.linkedin.com/in/arya-bastani/,1
https://www.linkedin.com/in/marcus-zimmerman-4878ba245/,1
https://www.linkedin.com/in/ethne-laude-289801224/,1
https://linkedin.com/in/alex-ruber,1
https://linkedin.com/in/parthematics,1
https://www.linkedin.com/in/aditya-mahna-b57256325/,1
https://www.linkedin.com/in/ayush-mahna-34r,1
https://www.linkedin.com/in/essam-sleiman-4253b1128,1
https://www.linkedin.com/in/nsemwal,1
https://linkedin.com/in/justinsunyt,1
https://www.linkedin.com/in/dmytro-astakhov/,1
https://www.linkedin.com/in/areg-nzsdejan-85b894a1/,1
https://www.linkedin.com/in/evanroubekas/,1
https://www.linkedin.com/in/alexdoonanco,1
https://www.linkedin.com/in/tomhallaran/,1
https://www.linkedin.com/in/shaunmodi/,1
https://www.linkedin.com/in/jpmussalli/,1
https://www.linkedin.com/in/jonathanzero/,1
https://www.linkedin.com/in/brian-weigand/,1
https://linkedin.com/in/daniel-wolf-6242431b1,1
https://linkedin.com/in/jude-rizzo-aa71aa207,1
https://www.linkedin.com/in/joshlampen,1
https://www.linkedin.com/in/abashara/,1
https://www.linkedin.com/in/harmansahota/,1
https://www.linkedin.com/in/kevintreehan/,1
https://linkedin.com/in/rohan-radhakeesoon,1
https://www.linkedin.com/in/iansaultz/,1
https://linkedin.com/in/renebrandel,1
https://www.linkedin.com/in/arlenabraham/,1
https://www.linkedin.com/in/jacob-portukalian,1
https://linkedin.com/in/jesseli751,1
https://linkedin.com/in/isabelle-i,1
https://www.linkedin.com/in/ayushman28/,1
https://www.linkedin.com/in/tolen-schreid,1
https://www.linkedin.com/in/ethan-hilton/,1
https://www.linkedin.com/in/tyler-chen-43570b241/,1
https://www.linkedin.com/in/amir-farahani-21745b216,1
https://www.linkedin.com/in/theamirfarahani/,1
https://linkedin.com/in/eylonmiz,1
https://www.linkedin.com/in/kofi-ansong-89294016a/,1
https://www.linkedin.com/in/ajani-smith-washington/,1
https://www.linkedin.com/in/gaoxk/,1
https://www.linkedin.com/in/jameswu1991/,1
https://linkedin.com/in/milan-shen-860b5062,1
https://www.linkedin.com/in/he-lu-63666852/,1
https://linkedin.com/in/shashij-gupta-671aa614a,1
https://www.linkedin.com/in/tarush-agarwal-b14851160/,1
https://www.linkedin.com/in/sidhantkabra,1
https://www.linkedin.com/in/thenilaymodi/,1
https://linkedin.com/in/joshwymer,1
https://linkedin.com/in/pranav-kashyap,1
https://www.linkedin.com/in/adam-gamieldien-067605247/,1
https://www.linkedin.com/in/isaac-nichols-963857251/,1
https://www.linkedin.com/in/gurveer-singh-35168031b/,1
https://www.linkedin.com/in/sehwan-jeon/,1
https://www.linkedin.com/in/lakshay2010sharma/,1
https://linkedin.com/in/george-lawrence-aab0011a6,1
https://www.linkedin.com/in/alexanderschiff/,1
https://linkedin.com/in/dylan-allen,1
https://linkedin.com/in/spencercbrown,1
https://www.linkedin.com/in/amadeus-peterson/,1
https://www.linkedin.com/in/max-booth-132928302/,1
https://linkedin.com/in/james-booth-project-chiron,1
https://www.linkedin.com/in/shreyashnigam/,1
https://www.linkedin.com/in/bhavnicksm/,1
https://www.linkedin.com/in/cschlaep/,1
https://www.linkedin.com/in/jorrie-brettin-349a6383/,1
https://www.linkedin.com/in/kyle-reagan-surfs/,1
https://linkedin.com/in/aaroncarver,1
https://www.linkedin.com/in/juan-pisco/,1
https://linkedin.com/in/antonio-vespoli-895727121,1
https://www.linkedin.com/in/luca-pinchetti-414230222/,1
https://www.linkedin.com/in/yuhang-song/,1
https://www.linkedin.com/in/tomzhengy,1
https://www.linkedin.com/in/eric-mao/,1
https://www.linkedin.com/in/kevincalcado/,1
https://www.linkedin.com/in/jayenram/,1
https://www.linkedin.com/in/marcus-storm-mollard-a0514aa1/,1
https://www.linkedin.com/in/marcus-storm-a0514aa1/,1
https://www.linkedin.com/in/alex-usher,1
https://www.linkedin.com/in/jonlevinson1/,1
https://linkedin.com/in/ian-gillis-3a503837,1
https://linkedin.com/in/pavel-gertsberg,1
https://www.linkedin.com/in/german-mikulski/,1
https://www.linkedin.com/in/jeffreylamothe/,1
https://linkedin.com/in/ryangallaghermd,1
https://www.linkedin.com/in/tommyhe6/,1
https://www.linkedin.com/in/antonotaner/,1
https://www.linkedin.com/in/emilycgreene/,1
https://www.linkedin.com/in/jcg-cmu,1
https://www.linkedin.com/in/joseph-choi-cmu,1
https://linkedin.com/in/hemangkandwal,1
https://www.linkedin.com/in/ahristozov/,1
https://www.linkedin.com/in/ricardo-pantaleon-9b6959135/,1
https://www.linkedin.com/in/alexandros-zisimidis-a95592149,1
https://linkedin.com/in/rohan-gupta1,1
https://www.linkedin.com/in/rithvikchuppala/,1
https://www.linkedin.com/in/sidharthrajaram/,1
https://www.linkedin.com/in/arnavverma,1
https://www.linkedin.com/in/anmoltukrel/,1
https://www.linkedin.com/in/chinmayspatel/,1
https://linkedin.com/in/felix-eckert-807095191,1
https://linkedin.com/in/adrian-ziegler,1
https://www.linkedin.com/in/jasonscharff/,1
https://www.linkedin.com/in/jack-mastrangelo/,1
https://www.linkedin.com/in/gilad-levy/,1
https://www.linkedin.com/in/aaron-zelinger/,1
https://linkedin.com/in/philipp-rollwage,1
https://linkedin.com/in/johanneslutz,1
https://www.linkedin.com/in/annabell-v-86a73b227,1
https://linkedin.com/in/amyxiao,1
https://www.linkedin.com/in/kevinschaich/,1
https://www.linkedin.com/in/nisola/,1
https://www.linkedin.com/in/dylan-nguyenn,1
https://www.linkedin.com/in/cheng-george/,1
https://www.linkedin.com/in/sid-yu/,1
https://www.linkedin.com/in/tamish-pulappadi/\n\nSid,1
https://www.linkedin.com/in/tamish-pulappadi/,1
https://www.linkedin.com/in/archisharun/\n\nMatan,1
https://linkedin.com/in/archisharun,1
https://www.linkedin.com/in/sid-yu/\n\nArchish,1
https://www.linkedin.com/in/brandon-chen-37b95910a/,1
https://www.linkedin.com/in/james-grugett,1
https://linkedin.com/in/alvaroriv,1
https://www.linkedin.com/in/austinhmills/,1
https://www.linkedin.com/in/jij6g8asihf/,1
https://linkedin.com/in/sean-o-brien-412b28175,1
https://www.linkedin.com/in/nam-nguyen96/,1
https://www.linkedin.com/in/kevindzhang/,1
https://www.linkedin.com/in/benny-kok-226a52127/,1
https://www.linkedin.com/in/nick-kao-468540174/,1
https://linkedin.com/in/codeviz,1
https://www.linkedin.com/in/liam-prevelige/,1
https://www.linkedin.com/in/williamlmccall/,1
https://www.linkedin.com/in/arthur-granacher,1
https://www.linkedin.com/in/tominvernizzi/,1
https://www.linkedin.com/in/almo-sutedjo/,1
https://www.linkedin.com/in/jiehua-wu/,1
https://linkedin.com/in/philipkoenig,1
https://linkedin.com/in/kyle-manuel-franz-7a4351a8,1
https://www.linkedin.com/in/dcervoni/,1
https://www.linkedin.com/in/charlieholtz,1
https://www.linkedin.com/in/jacksondecampos/,1
https://www.linkedin.com/in/joelpendleton/,1
https://www.linkedin.com/in/brandon-severin/,1
https://www.linkedin.com/in/harshvardhan-agarwal-873013136/,1
https://www.linkedin.com/in/ashwinram2002/,1
https://www.linkedin.com/in/ericmagliarditi/,1
https://www.linkedin.com/in/adibsood/,1
https://www.linkedin.com/in/arya-marwaha/,1
https://www.linkedin.com/in/kritin-vongthongsri,1
https://linkedin.com/in/jeffrey-ip-2295ab224,1
https://www.linkedin.com/in/tomer-kulla/,1
https://www.linkedin.com/in/punnkam/,1
https://linkedin.com/in/matan-goldner,1
https://www.linkedin.com/in/colerubin/,1
https://www.linkedin.com/in/rahulvijayan28/,1
https://www.linkedin.com/in/ayaan-parikh/,1
https://www.linkedin.com/in/dieterdemesmaeker/,1
https://linkedin.com/in/hendrik-van-hove,1
https://www.linkedin.com/in/bendesmet1/,1
https://www.linkedin.com/in/joannewang19/,1
https://www.linkedin.com/in/thomasguo/,1
https://linkedin.com/in/joanne-wang-156ba9154,1
https://linkedin.com/in/zyad-elgohary,1
https://www.linkedin.com/in/grahamsabin/,1
https://www.linkedin.com/in/a8hi/,1
https://www.linkedin.com/in/samuel-park04/,1
https://www.linkedin.com/in/josh-park-a26561279,1
https://linkedin.com/in/grantmargerum,1
https://linkedin.com/in/graves-dev,1
https://www.linkedin.com/in/logan-carmody/,1
https://www.linkedin.com/in/eddieconk/,1
https://www.linkedin.com/in/mmpollard/,1
https://www.linkedin.com/in/bnhop/,1
https://www.linkedin.com/in/wilsonspearman/,1
https://www.linkedin.com/in/colemansmith-/,1
https://www.linkedin.com/in/jeffrey-tsaw-561b35191/,1
https://linkedin.com/in/chris-pisarski,1
https://linkedin.com/in/abhilash-chowdhary,1
https://www.linkedin.com/in/manmohitgrewal/,1
https://www.linkedin.com/in/amine-amor-4a7a42135/,1
https://www.linkedin.com/in/mark-feldner/,1
https://www.linkedin.com/in/davidstromback/,1
https://linkedin.com/in/josh-karol-4b1a97143,1
https://linkedin.com/in/ariamohseni,1
https://linkedin.com/in/max-hammer-2360571b2,1
https://www.linkedin.com/in/nico-laqua-302b17233,1
https://www.linkedin.com/in/emilyyuan96,1
https://linkedin.com/in/trevor-j-tuttle,1
https://www.linkedin.com/in/harryyongheelee/,1
https://linkedin.com/in/francesco-bonacci-70428a121,1
https://linkedin.com/in/cyrilgorlla,1
https://www.linkedin.com/in/rohunati,1
https://linkedin.com/in/alanduong07,1
https://www.linkedin.com/in/sebastian-voelkl/,1
https://linkedin.com/in/andrew-porter-a10953b4,1
https://www.linkedin.com/in/allisyao/,1
https://www.linkedin.com/in/bhasi-nair-579000213/,1
https://linkedin.com/in/paulsf,1
https://linkedin.com/in/charley-lee,1
https://www.linkedin.com/in/gunwooterry/,1
https://www.linkedin.com/in/kieran-luke-white/,1
https://linkedin.com/in/serena-ge-4583731b4,1
https://www.linkedin.com/in/mahmoudalmadi/,1
https://www.linkedin.com/in/eliot-khachi-426424159/,1
https://www.linkedin.com/in/andrew--porter/,1
https://www.linkedin.com/in/tomwsjeong/,1
https://www.linkedin.com/in/venkat-arun-22677b223/,1
https://www.linkedin.com/in/abhiram-chennupati-b02058198/,1
https://www.linkedin.com/in/nickpapciak,1
https://www.linkedin.com/in/catherine-di-559791254,1
https://linkedin.com/in/windsornguyen,1
https://www.linkedin.com/in/rosenfieldmichael/,1
https://www.linkedin.com/in/jandamm/,1
https://www.linkedin.com/in/rohan-d/,1
https://www.linkedin.com/in/aditsanghvi/,1
https://www.linkedin.com/in/janruettinger/,1
https://www.linkedin.com/in/tandondhruv/,1
https://www.linkedin.com/in/abhinav-reddy-387386262/,1
https://www.linkedin.com/in/neerajkanuri,1
https://www.linkedin.com/in/lucasdyoung/,1
https://linkedin.com/in/thomas-h-li,1
https://www.linkedin.com/in/jerryh01/,1
https://www.linkedin.com/in/stela-tong-a2583110b/,1
https://www.linkedin.com/in/cohen-tomer/,1
https://www.linkedin.com/in/benwileymn,1
https://www.linkedin.com/in/connor-j-mcclellan,1
https://www.linkedin.com/in/ckoroglu/,1
https://www.linkedin.com/in/alexgabourie/,1
https://www.linkedin.com/in/emily-nieves-a67b90144/,1
https://www.linkedin.com/in/jawad-iqbal/,1
https://www.linkedin.com/in/linustalacko,1
https://www.linkedin.com/in/justin1ee/,1
https://linkedin.com/in/kasyap-chakravadhanula-357b41132,1
https://linkedin.com/in/ishirv,1
https://www.linkedin.com/in/markrachapoom/,1
https://www.linkedin.com/in/kumareth,1
https://www.linkedin.com/in/qiaochu-li1999/,1
https://www.linkedin.com/in/devrjain/,1
https://www.linkedin.com/in/kamrynohly/,1
https://www.linkedin.com/in/grace-li-721a4017b/,1
https://www.linkedin.com/in/cat-catherine-zhao,1
http://linkedin.com/in/lalitkundu,1
https://www.linkedin.com/in/caterina-kiehntopf-58a6aa34/,1
https://linkedin.com/in/bellacwu,1
https://www.linkedin.com/in/garriguv/,1
https://linkedin.com/in/grant-fuhr-06b849188,1
https://linkedin.com/in/ianhinkley,1
https://linkedin.com/in/daniel-r-shkreli-6a0130160,1
https://linkedin.com/in/upeka,1
https://www.linkedin.com/in/tim-kral-512b5b3/,1
https://www.linkedin.com/in/konstantin-paulus,1
https://linkedin.com/in/d-asnaghi,1
https://www.linkedin.com/in/lennykhazan/,1
https://www.linkedin.com/in/michaelpnguyen/,1
https://linkedin.com/in/gururao1,1
https://www.linkedin.com/in/p2sun/,1
https://linkedin.com/in/davidnpang,1
https://www.linkedin.com/in/ani-sh,1
https://www.linkedin.com/in/daniel-h-moon,1
https://linkedin.com/in/ashish-bajaj1,1
https://www.linkedin.com/in/akashkumar2296/,1
https://linkedin.com/in/jasoncsullivan,1
https://linkedin.com/in/edoardo-maschio-704,1
https://linkedin.com/in/ahmedsamygaber,1
https://linkedin.com/in/nishant-h,1
https://www.linkedin.com/in/boris-skurikhin/,1
https://linkedin.com/in/yuhuangou,1
https://www.linkedin.com/in/adrianbarbir,1
https://www.linkedin.com/in/dominik-moehrle/,1
https://linkedin.com/in/juliushillebrand,1
https://www.linkedin.com/in/t-reinhart/,1
https://linkedin.com/in/phbiojout,1
https://linkedin.com/in/thomas-minassian-b25626102,1
https://www.linkedin.com/in/willscottmoss/,1
https://www.linkedin.com/in/travis-ueki/,1
https://www.linkedin.com/in/albreybrown/,1
https://linkedin.com/in/tjmurphy,1
https://linkedin.com/in/philliphuang,1
https://linkedin.com/in/alexliaoo,1
https://www.linkedin.com/in/nina-hu-91a53577/,1
https://linkedin.com/in/camilazancanella,1
https://www.linkedin.com/in/nicolasdiaz27/,1
https://www.linkedin.com/in/aseutin/,1
https://www.linkedin.com/in/adamktilton/,1
https://linkedin.com/in/daniel-hensley,1
https://www.linkedin.com/in/brenden-prins-mckinney-96959a69/,1
https://www.linkedin.com/in/berkleynoble/,1
https://linkedin.com/in/warrenwang-fnu/,1
https://linkedin.com/in/jordan-mryyan,1
https://www.linkedin.com/in/colemrobertson,1
https://linkedin.com/in/nick-siscoe-58a1099b,1
https://www.linkedin.com/in/nasiscoe/,1
https://linkedin.com/in/lukebogus,1
https://linkedin.com/in/nankigrewal,1
https://www.linkedin.com/in/ben-franklin-liu/,1
https://www.linkedin.com/in/daniel-gibbon-/,1
https://linkedin.com/in/andre-fu,1
https://linkedin.com/in/michael-mounajjed,1
https://www.linkedin.com/in/nathan-wang-b73966235/,1
https://www.linkedin.com/in/dannyighsu,1
https://linkedin.com/in/nimesh-chakravarthi-68238749,1
https://linkedin.com/in/deepanmehta,1
https://linkedin.com/in/codrut-l-328331134,1
https://linkedin.com/in/felix-gabler,1
https://www.linkedin.com/in/aden-clemente,1
https://www.linkedin.com/in/aubteen-pour-biazar/,1
https://linkedin.com/in/davidokao,1
https://linkedin.com/in/kyleorciuch,1
https://linkedin.com/in/jitesh-m-62a533b3,1
https://linkedin.com/in/sam-plank-042b1199,1
https://www.linkedin.com/in/etgibbs/,1
https://www.linkedin.com/in/jiachew,1
https://linkedin.com/in/astrophysicist,1
https://www.linkedin.com/in/nsbradford/,1
https://www.linkedin.com/in/adria-ferrier-8b242836/,1
https://www.linkedin.com/in/jake-grafenstein-33737270/,1
https://www.linkedin.com/in/adria-ferrier/,1
https://www.linkedin.com/in/seanhunterbrooks/,1
https://www.linkedin.com/in/steve-mazzari-38b470b1/,1
https://www.linkedin.com/in/scott-cara-31829041/,1
https://www.linkedin.com/in/jeffrday/,1
https://www.linkedin.com/in/shivanicm,1
https://www.linkedin.com/in/ritikashrivastava/,1
https://www.linkedin.com/in/warrenweinwang,1
https://linkedin.com/in/hsinleiwang,1
https://www.linkedin.com/in/tugcebulut/,1
https://www.linkedin.com/in/aldo-lipani,1
https://www.linkedin.com/in/mukund-jha-a1596413/,1
https://www.linkedin.com/in/madhavjha,1
https://linkedin.com/in/sjetzhou,1
https://linkedin.com/in/joshvaldez,1
https://www.linkedin.com/in/ericjacobbutton/,1
https://www.linkedin.com/in/kaylord/,1
https://www.linkedin.com/in/braden-wong/,1
https://www.linkedin.com/in/antanaszilinskas,1
https://linkedin.com/in/shapol,1
https://www.linkedin.com/in/yash-dulla/,1
https://www.linkedin.com/in/isheth/,1
https://www.linkedin.com/in/rachel-brog-garlick/,1
https://linkedin.com/in/evita-weagel-ph-d-62b19737,1
https://www.linkedin.com/in/evita-weagel/,1
https://www.linkedin.com/in/yolandacao1,1
https://www.linkedin.com/in/spencer-mckee,1
https://www.linkedin.com/in/marie-van-der-klink/,1
https://www.linkedin.com/in/carine-fattal/,1
https://linkedin.com/in/owencolegrove,1
https://linkedin.com/in/weronika-slesak,1
https://linkedin.com/in/piotr-jedryszek-085991180,1
https://linkedin.com/in/adam-winnifrith-b438ab182,1
https://www.linkedin.com/in/sovann-linden/,1
https://www.linkedin.com/in/alexis-bonnafont,1
https://www.linkedin.com/in/mattia-mauro-437a35197/,1
https://www.linkedin.com/in/viraatdas/,1
https://www.linkedin.com/in/pranavnair311/,1
https://www.linkedin.com/in/aidan-cantu/,1
https://www.linkedin.com/in/paul-hyoungsang-shin/,1
https://linkedin.com/in/tim-suchanek-08219346,1
https://www.linkedin.com/in/gabriel-ocana-santero-85b41819a/?originalSubdomain=uk,1
https://www.linkedin.com/in/marko-tvrdic/,1
https://www.linkedin.com/in/gabriel-ocana-santero-85b41819a,1
https://www.linkedin.com/in/ilazarte,1
https://www.linkedin.com/in/marko-tvrdic/?originalSubdomain=uk,1
https://www.linkedin.com/in/caitlinleksana/,1
https://www.linkedin.com/in/timmygalvin/,1
https://www.linkedin.com/in/calvinchen-usc/,1
https://www.linkedin.com/in/omar-el-sadany/,1
https://www.linkedin.com/in/mohammed-abid-40777b16/,1
https://www.linkedin.com/in/edward-huang-cfa-8807b4149/,1
https://www.linkedin.com/in/robin-gan-180060126,1
https://www.linkedin.com/in/edenovadia/,1
https://www.linkedin.com/in/theodore-janson/,1
https://www.linkedin.com/in/victoria-toli/,1
https://www.linkedin.com/in/linus-boehm/,1
https://www.linkedin.com/in/lorenz-neuner/,1
https://www.linkedin.com/in/jonasmorgner/,1
https://www.linkedin.com/in/%F0%9F%94%B0-gabriel-kho-924a6166/,1
https://www.linkedin.com/in/mark-ricciardi/,1
https://linkedin.com/in/amangotchu,1
https://linkedin.com/in/distributed,1
https://www.linkedin.com/in/oliverbraly/,1
https://www.linkedin.com/in/molefrog/,1
https://linkedin.com/in/alextcn,1
https://www.linkedin.com/in/shubhamtech/,1
https://www.linkedin.com/in/vardhan-kapoor/,1
https://www.linkedin.com/in/veer-juneja-67255417a/,1
https://linkedin.com/in/sauravml,1
https://www.linkedin.com/in/yjyao/,1
https://www.linkedin.com/in/edwlk/,1
https://www.linkedin.com/in/ari-polakof-78b976150/,1
https://www.linkedin.com/in/jfalzugaray/,1
https://www.linkedin.com/in/alenpolakof,1
https://www.linkedin.com/in/sylvanus-mahe,1
https://www.linkedin.com/in/kanvaly-fadiga,1
https://linkedin.com/in/felixwang9817,1
https://linkedin.com/in/robert-cunningham-38b43a129,1
https://www.linkedin.com/in/victoralexfleury/,1
https://www.linkedin.com/in/jamin-liu-255277163,1
https://www.linkedin.com/in/henrybae/,1
https://www.linkedin.com/in/carlcortright/,1
https://linkedin.com/in/priteet,1
https://www.linkedin.com/in/mahimanabhatt/,1
https://www.linkedin.com/in/jashmota/,1
https://www.linkedin.com/in/stefan-raghavan-957204a1/,1
https://www.linkedin.com/in/will-tong-04046a162/,1
https://linkedin.com/in/william-nida,1
http://linkedin.com/in/yashkadadi,1
https://linkedin.com/in/isaackan,1
https://linkedin.com/in/changethan,1
https://linkedin.com/in/walterraftus,1
https://linkedin.com/in/timmy-seto,1
https://www.linkedin.com/in/pranav-raja-590052182?utm_source=share,1
https://linkedin.com/in/manillakabi,1
https://www.linkedin.com/in/jacobzwang/,1
https://www.linkedin.com/in/benswerdlow/,1
https://linkedin.com/in/akhil-climate,1
https://www.linkedin.com/in/arvindveluvali/,1
https://www.linkedin.com/in/tunga-bayrak/,1
https://www.linkedin.com/in/tomas-nepala,1
https://www.linkedin.com/in/shivesh-gupta-iitb/,1
https://www.linkedin.com/in/nikhiltiwari-iitb/,1
https://www.linkedin.com/in/shyamsai,1
https://www.linkedin.com/in/abhaygupta-/,1
https://www.linkedin.com/in/uzay-girit-a208161a2/,1
https://www.linkedin.com/in/kaivu-hariharan/,1
https://linkedin.com/in/advaitpaliwal,1
https://www.linkedin.com/in/allennaliath/,1
https://linkedin.com/in/sashank-gondala-083132a0,1
https://linkedin.com/in/amangour,1
https://linkedin.com/in/aegucer,1
https://linkedin.com/in/metehan-oz-a39981251,1
https://www.linkedin.com/in/shoalexander/,1
https://linkedin.com/in/oscar-wilsby-71020931,1
https://linkedin.com/in/imogen-low,1
https://www.linkedin.com/in/sauravbubber/,1
https://www.linkedin.com/in/rayan-ghandour-75191618a/,1
https://www.linkedin.com/in/raouf-abujaber-169330256/,1
https://linkedin.com/in/usama-syed-419b0078,1
https://www.linkedin.com/in/hassan-m-b07250256/,1
https://www.linkedin.com/in/riyan-moussaoui-md-b435a914b/,1
https://www.linkedin.com/in/nabil-belahouane,1
https://www.linkedin.com/in/ahsia/,1
https://www.linkedin.com/in/kyleli626/,1
https://linkedin.com/in/haokun-qin,1
https://linkedin.com/in/rahulgudise,1
https://linkedin.com/in/rishabhsamb,1
https://www.linkedin.com/in/virajmehta28/,1
https://www.linkedin.com/in/priyanka-shrestha-/,1
https://www.linkedin.com/in/raulzablah,1
https://www.linkedin.com/in/shaun-ayrton/,1
https://linkedin.com/in/arjanguglani,1
https://linkedin.com/in/alazsengul,1
https://linkedin.com/in/martin-hunt-a3392999,1
https://www.linkedin.com/in/evan-doyle-060b0ab9,1
https://linkedin.com/in/caelean,1
https://www.linkedin.com/in/artemiy-malyshau/,1
https://www.linkedin.com/in/jeevan-jutla/,1
https://www.linkedin.com/in/daniel-hochstetler,1
https://www.linkedin.com/in/bruno-koba/,1
https://linkedin.com/in/joshua-belofsky-25328523b,1
https://linkedin.com/in/mohammednasir,1
https://www.linkedin.com/in/yubin-hu-berkeley/,1
https://www.linkedin.com/in/armandcognetta/,1
https://www.linkedin.com/in/rez-havaei,1
https://linkedin.com/in/gsychi,1
https://www.linkedin.com/in/pranavkrishnasuresh/,1
https://www.linkedin.com/in/raghav-arora-516b1826b/,1
https://www.linkedin.com/in/johnpconsidine,1
https://www.linkedin.com/in/evandronadal,1
https://www.linkedin.com/in/mike-considine-700172164,1
https://linkedin.com/in/atharvapadhyecrux,1
https://linkedin.com/in/himank1,1
https://linkedin.com/in/prabhat7758,1
https://www.linkedin.com/in/moheshan/,1
https://www.linkedin.com/in/charles-antoine-malenfant-618776b9/,1
https://www.linkedin.com/in/jc10/,1
https://www.linkedin.com/in/gautham-ramachandran-74b5712a4/,1
https://www.linkedin.com/in/abhijit-pranav-pamarty-6b2453152/,1
https://www.linkedin.com/in/cinnamonsipper,1
https://linkedin.com/in/matt-tengtrakool,1
https://linkedin.com/in/louiswaefler,1
https://www.linkedin.com/in/pmigat/,1
https://www.linkedin.com/in/louisnweston/,1
https://linkedin.com/in/armanrafati,1
https://linkedin.com/in/andrew-wang-0b5526109,1
https://linkedin.com/in/grant-a-391184a5,1
https://linkedin.com/in/praneethguduguntla,1
https://www.linkedin.com/in/shraman-kar/,1
https://www.linkedin.com/in/shreyas-kar/,1
https://www.linkedin.com/in/wojciech-bÅaszak11/,1
https://linkedin.com/in/antoni-gmitruk-80a268211,1
https://www.linkedin.com/in/maxbohun/,1
https://linkedin.com/in/ashwin-nandakumar-menon,1
https://www.linkedin.com/in/jainarayananak/,1
https://linkedin.com/in/juliusadebayo,1
https://www.linkedin.com/in/mehulmshah22,1
https://www.linkedin.com/in/nickcw/,1
https://www.linkedin.com/in/matthew-noseworthy-218167106/,1
https://www.linkedin.com/in/michaeltrehan,1
https://www.linkedin.com/in/harishkpalani,1
https://www.linkedin.com/in/baiqingl/,1
https://www.linkedin.com/in/kasey-zhang/,1
https://www.linkedin.com/in/jerry-wu-7814b0100/details/experience/,1
https://www.linkedin.com/in/jerry-wu-7814b0100/,1
https://linkedin.com/in/wyatt-marshall-a40797198,1
https://www.linkedin.com/in/lucas-r-422937242/,1
https://www.linkedin.com/in/eli-kerstein-64a98919a/,1
https://www.linkedin.com/in/john-andrzejewski/,1
https://www.linkedin.com/in/gupta-ansh,1
https://www.linkedin.com/in/adarshambati/,1
https://www.linkedin.com/in/aditya-v-iyengar/,1
https://www.linkedin.com/in/mariusbuleandra,1
https://www.linkedin.com/in/sumanyusharma,1
https://linkedin.com/in/polcari,1
https://linkedin.com/in/alexteichman,1
https://www.linkedin.com/in/sophia-c-07a508b8/,1
https://www.linkedin.com/in/veronicanutting/,1
https://www.linkedin.com/in/sophia--clark/,1
https://linkedin.com/in/priyangshah,1
https://www.linkedin.com/in/jake-yatvitskiy/,1
https://www.linkedin.com/in/akshay-s-152126139/,1
https://linkedin.com/in/joshsabol,1
https://www.linkedin.com/in/jonah-tuchow-3302628a/,1
https://linkedin.com/in/stephengrinich,1
https://www.linkedin.com/in/dakotahrice,1
https://linkedin.com/in/tushar-nair-100787144,1
https://www.linkedin.com/in/xinyue-liang-2b5a60295/,1
https://www.linkedin.com/in/rachelshuyanwang,1
https://linkedin.com/in/zachwitzel,1
https://linkedin.com/in/shishirjakati,1
https://www.linkedin.com/in/anish-doshi-45a81271,1
https://linkedin.com/in/alexander-belanger-aa3974135,1
https://linkedin.com/in/gruttner,1
https://linkedin.com/in/george-curtis-12b232a5,1
https://www.linkedin.com/in/xaviercochran/,1
https://www.linkedin.com/in/hsial/,1
https://www.linkedin.com/in/jrgarciadev/,1
https://www.linkedin.com/in/adam-pratt-73a4aa103/,1
https://www.linkedin.com/in/chialunwu/,1
https://linkedin.com/in/kevin-chu-11a4511,1
https://www.linkedin.com/in/sohrabhaghighat/,1
https://www.linkedin.com/in/sammy-greenwall-387b3256/,1
https://www.linkedin.com/in/peter-tribelhorn-36a967142/,1
https://www.linkedin.com/in/anders-lie/,1
https://www.linkedin.com/in/t-greenwald/,1
https://www.linkedin.com/in/loki-cheema/,1
https://www.linkedin.com/in/david-w-zhu/,1
https://www.linkedin.com/in/stevenjarellano/,1
https://linkedin.com/in/shaunwei,1
https://linkedin.com/in/emi-andere,1
https://www.linkedin.com/in/daniel-m-grittner/,1
https://www.linkedin.com/in/christopher-grittner/,1
https://www.linkedin.com/in/yansen-zhou/,1
https://www.linkedin.com/in/w-weber/,1
https://www.linkedin.com/in/todsul/,1
https://www.linkedin.com/in/amoghchaturvedi1/,1
https://www.linkedin.com/in/skyler-ji/,1
https://www.linkedin.com/in/ckawediya,1
https://linkedin.com/in/ellt92,1
https://www.linkedin.com/in/jasperjia/,1
https://www.linkedin.com/in/dklee0127,1
https://linkedin.com/in/dexterihorthy,1
https://www.linkedin.com/in/sungyuncho0912,1
https://www.linkedin.com/in/markedwarddawson/,1
https://www.linkedin.com/in/jay-ram-29003b198/,1
https://linkedin.com/in/yujong1ee,1
https://linkedin.com/in/johntopia,1
https://www.linkedin.com/in/matthew-c-ruiters/,1
https://linkedin.com/in/lorenss,1
https://linkedin.com/in/parth220,1
https://www.linkedin.com/in/trevorar,1
https://www.linkedin.com/in/mats-terwiesch/,1
https://www.linkedin.com/in/shoe-shoemaker/,1
https://www.linkedin.com/in/benjaminlkatz/,1
https://www.linkedin.com/in/ivanchub/,1
https://www.linkedin.com/in/tony-goss-a53732132,1
https://linkedin.com/in/nalu-concepcion/,1
https://www.linkedin.com/in/bisheshkhadka/,1
https://linkedin.com/in/jeffrey-dot-li,1
https://www.linkedin.com/in/jonatli/,1
https://linkedin.com/in/odraz,1
https://linkedin.com/in/sourav-choraria-9b389776,1
https://www.linkedin.com/in/sidharth-choraria-25411b65/details/experience/,1
https://www.linkedin.com/in/sidharth-choraria-25411b65/,1
https://linkedin.com/in/richardfzhang,1
https://linkedin.com/in/alan-lu-57094517b,1
https://www.linkedin.com/in/alex-pinel/,1
https://www.linkedin.com/in/joaquim-ropd/,1
https://www.linkedin.com/in/ashwin-iyer-626263245/,1
https://www.linkedin.com/in/vignesh-anand-iitb/,1
https://www.linkedin.com/in/axel-peytavin/,1
https://linkedin.com/in/sashaxzhang,1
https://linkedin.com/in/nikhilsrinivasan,1
https://www.linkedin.com/in/rajlad/,1
https://linkedin.com/in/shiels,1
https://linkedin.com/in/ioannis-alexandros-marantelos,1
https://www.linkedin.com/in/dimilias/,1
https://linkedin.com/in/georgepastakas,1
https://www.linkedin.com/in/daniel-r-vega/,1
https://www.linkedin.com/in/rohan-karthik-60a0b61b7/,1
https://linkedin.com/in/patrickrfoster,1
https://www.linkedin.com/in/benjaminfhall,1
https://www.linkedin.com/in/samuel-c-kramer/,1
https://www.linkedin.com/in/alexmaass/,1
https://www.linkedin.com/in/sam-kramer-4263189a/,1
https://www.linkedin.com/in/samuelli97/,1
https://www.linkedin.com/in/nick-amore-6391a7129/,1
https://www.linkedin.com/in/shivump1/,1
https://www.linkedin.com/in/elizabeth-fern-morrison/,1
https://www.linkedin.com/in/gabriele-pozzato-ph-d-2167a2107/,1
https://www.linkedin.com/in/tom-tranter-355a1033/,1
https://www.linkedin.com/in/robertwtimms/,1
https://www.linkedin.com/in/valentinsulzer/,1
https://www.linkedin.com/in/sorgente,1
https://www.linkedin.com/in/antonaf,1
https://www.linkedin.com/in/mateo-perez/,1
https://www.linkedin.com/in/jeevesh-k-4aa73a139/,1
https://www.linkedin.com/in/vinay-k-b09034186/,1
https://linkedin.com/in/brian-petkov-b2a63680,1
https://www.linkedin.com/in/ferrara-john/,1
https://linkedin.com/in/liveink,1
https://linkedin.com/in/pradeepelankumaran,1
https://www.linkedin.com/in/luca-martial/,1
https://www.linkedin.com/in/andreyavtomonov/,1
https://linkedin.com/in/mumarnadeem,1
https://linkedin.com/in/sraza007,1
https://www.linkedin.com/in/kenneth-acquah-45b397123/,1
https://www.linkedin.com/in/michael-silver-853952129/,1
https://www.linkedin.com/in/ken-acquah-45b397123/,1
https://www.linkedin.com/in/ajayvasisht/,1
https://www.linkedin.com/in/jakeyg/,1
https://linkedin.com/in/benjaminbolte,1
https://www.linkedin.com/in/smitdagli/,1
https://www.linkedin.com/in/vikhyath-m-a00357128/,1
https://www.linkedin.com/in/sohilbhatia/,1
https://www.linkedin.com/in/sayanbhatia/,1
https://www.linkedin.com/in/naman-wahi/,1
https://linkedin.com/in/aabrbaskfna,1
https://www.linkedin.com/in/shahryar-hasnani/,1
https://www.linkedin.com/in/dalewilson21/,1
https://www.linkedin.com/in/hugo-markland-cfa-712409125/,1
https://www.linkedin.com/in/oliverlambson/,1
https://www.linkedin.com/in/jeanot-dawson-67191b17?utm_source=share,1
https://www.linkedin.com/in/aaksham/,1
https://www.linkedin.com/in/timmichaud/,1
https://www.linkedin.com/in/zacharyashen/,1
https://www.linkedin.com/in/tommyotsai/,1
https://linkedin.com/in/robin-seitz-12029970,1
https://linkedin.com/in/yvonne-chou,1
https://www.linkedin.com/in/noah-ohrner,1
https://www.linkedin.com/in/ben-adeola,1
https://www.linkedin.com/in/nitish-poddar/,1
https://www.linkedin.com/in/choudharyrishi/,1
https://www.linkedin.com/in/xiebernard,1
https://www.linkedin.com/in/brian-y-kim-16b7aa63/,1
https://www.linkedin.com/in/rafgarcia/,1
https://www.linkedin.com/in/juecd,1
https://linkedin.com/in/tom-yang11,1
https://linkedin.com/in/ben-skinner-profile,1
https://linkedin.com/in/pablo-hansen,1
https://www.linkedin.com/in/parikhrohan/,1
https://www.linkedin.com/in/conor-brown-9a02849b/,1
https://www.linkedin.com/in/lalitlal,1
https://linkedin.com/in/hanheli,1
https://www.linkedin.com/in/zihao-lin-14137716b/,1
https://www.linkedin.com/in/xiangkai-zeng/,1
https://www.linkedin.com/in/zihaolin123/,1
https://www.linkedin.com/in/prateek-pinisetti-606287171/,1
https://www.linkedin.com/in/nicholas-sleeper-209641179/,1
https://www.linkedin.com/in/jonathanmaynard-/,1
https://www.linkedin.com/in/arjun-talati,1
https://www.linkedin.com/in/ritamrana,1
https://www.linkedin.com/in/ritvik-varada/,1
https://www.linkedin.com/in/jesus-castillo-81a58b186/,1
https://linkedin.com/in/gino-guatavita-7269139b,1
https://www.linkedin.com/in/andrewbartynski/,1
https://www.linkedin.com/in/alexander-haddad-49b484305/,1
https://linkedin.com/in/ronit-basu-13ab30128,1
https://linkedin.com/in/darren-hwang-7a5b25112,1
https://www.linkedin.com/in/skull8888888/,1
https://www.linkedin.com/in/dinmukhamedm,1
https://www.linkedin.com/in/caitlin-hogan-429551177,1
https://www.linkedin.com/in/connor-hogan-282709195/,1
https://www.linkedin.com/in/bansalpratham/,1
https://www.linkedin.com/in/sarthak-singh-chauhan-a1942b209,1
https://linkedin.com/in/colemanoates,1
https://linkedin.com/in/nhuebecker,1
https://www.linkedin.com/in/shraeybhatia,1
https://www.linkedin.com/in/kevin-wu-452a6393/,1
https://www.linkedin.com/in/a-telegin,1
https://linkedin.com/in/kvptkr,1
https://linkedin.com/in/adrienphilardeau,1
https://www.linkedin.com/in/jackcbrown/,1
https://www.linkedin.com/in/vijitdhingra/,1
https://www.linkedin.com/in/joseph-johnson-/,1
https://linkedin.com/in/bailey-spell-b487ab149,1
https://linkedin.com/in/majid-yazdani-a9032011,1
https://www.linkedin.com/in/ars7,1
https://www.linkedin.com/in/alireza-mohammadshahi/,1
https://www.linkedin.com/in/lina-colucci/,1
https://www.linkedin.com/in/andrewjweitz/,1
https://linkedin.com/in/sidneyprimas,1
https://www.linkedin.com/in/gavin-v-saldanha,1
https://www.linkedin.com/in/prachiebanthia,1
https://linkedin.com/in/pondorasti,1
https://linkedin.com/in/dylan-player,1
https://www.linkedin.com/in/sonali-pattnaik/,1
https://www.linkedin.com/in/srijankr/,1
https://linkedin.com/in/arda-g-a26506118,1
https://linkedin.com/in/edward-harris-537837188,1
https://linkedin.com/in/emily-egerton-warburton-a70121211,1
https://linkedin.com/in/sheldenshi,1
https://linkedin.com/in/tonyshekkam,1
https://www.linkedin.com/in/tanachartkujareevanich/,1
https://www.linkedin.com/in/zhichu-ren/,1
https://www.linkedin.com/in/wenbo-zhang6,1
https://www.linkedin.com/in/vrcprl/,1
https://www.linkedin.com/in/maxprilutskiy/,1
https://www.linkedin.com/in/rjewing/,1
https://www.linkedin.com/in/lucasboewing/,1
https://linkedin.com/in/aoi-otani-ab3a1b205,1
https://www.linkedin.com/in/ashley-mo/,1
https://www.linkedin.com/in/joshua-r-chang/,1
https://www.linkedin.com/in/asalinas21/,1
https://www.linkedin.com/in/danylo-borodchuk/,1
https://www.linkedin.com/in/aamish-ahmad-beg/,1
https://linkedin.com/in/ethan-breit-a7ba81180,1
https://linkedin.com/in/lucas-crupi-4a7037177,1
https://www.linkedin.com/in/willnickols/,1
https://www.linkedin.com/in/jorge-o-guerra,1
https://www.linkedin.com/in/georgia-witchel-852b78149/,1
https://www.linkedin.com/in/larissatyagi100/,1
https://www.linkedin.com/in/vlin02/,1
https://www.linkedin.com/in/tobin-hirsch/,1
https://www.linkedin.com/in/jeremy-tian-a2076a239/,1
https://www.linkedin.com/in/abhinavsinha15/,1
https://www.linkedin.com/in/andyliang223/,1
https://www.linkedin.com/in/bdebever/,1
https://www.linkedin.com/in/maximeberthelot/,1
https://www.linkedin.com/in/maxguerois/,1
https://linkedin.com/in/albertohojel,1
https://www.linkedin.com/in/rami-mohammed-seid/,1
https://www.linkedin.com/in/samarthlamba,1
https://www.linkedin.com/in/eshanimehta/,1
https://linkedin.com/in/rcefalu,1
https://linkedin.com/in/davispalmie,1
https://www.linkedin.com/in/johnmccambr,1
https://www.linkedin.com/in/ziray-hao/,1
https://www.linkedin.com/in/vivekhaz/,1
https://www.linkedin.com/in/daniel-dipietro/,1
https://www.linkedin.com/in/jake-stevens-/,1
https://linkedin.com/in/joe-fioti-24a986189,1
https://www.linkedin.com/in/matthewjgunton/,1
https://linkedin.com/in/prasoondshukla,1
https://linkedin.com/in/ramon-garate-4b379093,1
https://www.linkedin.com/in/glennespinosa,1
https://www.linkedin.com/in/johnespinosa1988/,1
https://www.linkedin.com/in/taeksoo-kwon/,1
https://www.linkedin.com/in/courtnemarland/,1
https://linkedin.com/in/sssinha20,1
https://www.linkedin.com/in/jeff-he-99a96b163/,1
https://www.linkedin.com/in/anirudh-sriram-1b136318a/,1
https://www.linkedin.com/in/brecht-pierreux-54b327181/,1
https://www.linkedin.com/in/abelvs/,1
https://linkedin.com/in/patrick-fay-5418a822,1
https://linkedin.com/in/thomasjshelley,1
https://linkedin.com/in/claire-wiley,1
https://www.linkedin.com/in/marisatcohen/,1
https://www.linkedin.com/in/ralphma/,1
https://linkedin.com/in/eduardo-candela-garza,1
https://linkedin.com/in/maximilianahrens,1
https://www.linkedin.com/in/david-tondreau/,1
https://www.linkedin.com/in/willcray/,1
https://linkedin.com/in/alexandre-pernin-602308a3,1
https://linkedin.com/in/maxence-drummond-485057b4,1
https://linkedin.com/in/christian-dalsanto,1
https://linkedin.com/in/ihoegen,1
https://www.linkedin.com/in/wesleytjangnaka/,1
https://www.linkedin.com/in/austinwang115/,1
https://www.linkedin.com/in/lawrencecchen/,1
https://linkedin.com/in/zachary-gittelman-02229a9a,1
https://linkedin.com/in/jamison-mercurio,1
https://linkedin.com/in/ankithsubramanya,1
https://www.linkedin.com/in/ams29,1
https://linkedin.com/in/andrew-huff-222b2a21,1
https://linkedin.com/in/oliver-jones-936a0a58,1
https://www.linkedin.com/in/justin-cohen707,1
https://www.linkedin.com/in/jasonskaufmann/,1
https://linkedin.com/in/tianwei-yue,1
https://www.linkedin.com/in/smthomas3,1
https://www.linkedin.com/in/abhi-aiyer-aa41bb42/,1
https://linkedin.com/in/sambhagwat,1
https://linkedin.com/in/akshaj-kadaveru,1
https://linkedin.com/in/daniel-sun-440493171,1
https://linkedin.com/in/grannan,1
https://linkedin.com/in/hanshu,1
https://www.linkedin.com/in/luigipederzani,1
https://linkedin.com/in/pietrozullo,1
https://linkedin.com/in/sebastian-peralta-87493a135,1
https://www.linkedin.com/in/xavierchi/,1
https://www.linkedin.com/in/sebbyjp/,1
https://www.linkedin.com/in/hugo-fry-825828271/,1
https://www.linkedin.com/in/nina-monta%C3%B1a-brown-6aa24b133/,1
https://www.linkedin.com/in/ayodeji-ijishakin-b6208b1a9/,1
https://www.linkedin.com/in/ahmed-abdulaal-5b8b6a295/,1
https://www.linkedin.com/in/dominik-middelmann-01232378/,1
https://linkedin.com/in/efrenal,1
https://www.linkedin.com/in/ashwindharne/,1
https://www.linkedin.com/in/philip-brewer/,1
https://linkedin.com/in/ramighanem,1
https://linkedin.com/in/alexanderisraelov,1
https://www.linkedin.com/in/cayden-pierce/,1
https://linkedin.com/in/taranjeet7114,1
https://linkedin.com/in/deshrajdry,1
https://linkedin.com/in/joaopdepaula/,1
https://www.linkedin.com/in/lucasbrunosilva,1
https://www.linkedin.com/in/sergio-bergmann/,1
https://linkedin.com/in/snehakumari,1
https://linkedin.com/in/kumar-siddhartha-44847516,1
https://linkedin.com/in/ayantika-dey-b8155b76,1
https://www.linkedin.com/in/nandiniramakrishnan/,1
https://www.linkedin.com/in/erinkim720/,1
https://www.linkedin.com/in/stefan-zheng/,1
https://www.linkedin.com/in/hdng,1
https://www.linkedin.com/in/lukas-bock-7636a0131,1
https://www.linkedin.com/in/li-wilbur/,
https://linkedin.com/in/jpalakapilly,1
https://www.linkedin.com/in/farhankhan4,1
https://www.linkedin.com/in/pranav-madhukar-pcm/,1
https://www.linkedin.com/in/aryan-shah1/,1
https://linkedin.com/in/aasheth1,1
https://www.linkedin.com/in/marcus-yearwood?utm_source=share,1
https://linkedin.com/in/mehdi-boutagouga-boudjadja-ph-d-553003138,1
https://www.linkedin.com/in/salah-boudjadja-42a05a19b/,
https://www.linkedin.com/in/achyuta-iyengar/,1
https://www.linkedin.com/in/jai-yarlagadda-8a4733109/,1
https://www.linkedin.com/in/bharadwajswaminathan,1
https://www.linkedin.com/in/elie-dufeu-goldenberg/,
https://www.linkedin.com/in/mardimitrov/,
https://www.linkedin.com/in/thibautpellegrin/,
https://www.linkedin.com/in/thibaut-pellegrin-0b4353171/,
https://www.linkedin.com/in/okiemuteavworhokai/,
https://linkedin.com/in/iudoh,
https://www.linkedin.com/in/aahel-iyer-221999120/,
https://www.linkedin.com/in/kieranctaylor,
https://www.linkedin.com/in/max-maio-897514195/,
https://www.linkedin.com/in/rohit-sirosh/,
https://www.linkedin.com/in/michael-korovkin/,
https://www.linkedin.com/in/rgoggins,
https://www.linkedin.com/in/zhudanmeng/,
https://www.linkedin.com/in/om-agarwal/,
https://www.linkedin.com/in/akulguptax/,1
https://www.linkedin.com/in/brandon-veiseh-77762113a/,
https://www.linkedin.com/in/niek-hogenboom/,
https://linkedin.com/in/titus-ex-85691711a,
https://www.linkedin.com/in/ppsreejith,
https://www.linkedin.com/in/vivek-aithal-575b207b/,
https://www.linkedin.com/in/arpittarang/,
https://www.linkedin.com/in/jqssun,1
https://www.linkedin.com/in/lakeesiv/,1
https://www.linkedin.com/in/eva-herget/,1
https://www.linkedin.com/in/jtjenkins18/,1
https://www.linkedin.com/in/guang-cui/,1
https://www.linkedin.com/in/tyroned3/,1
https://www.linkedin.com/in/ryanwarey/,1
https://www.linkedin.com/in/joelkek,1
https://www.linkedin.com/in/kenneth-lou/,1
https://www.linkedin.com/in/teemingchew/,1
https://linkedin.com/in/vedantnair,1
https://linkedin.com/in/benjamin-smidt,1
https://linkedin.com/in/armeltalla,1
https://www.linkedin.com/in/margaretupshur/,1
https://www.linkedin.com/in/eduard-piliposyan-phd-8256811a/,1
https://www.linkedin.com/in/artahian/,1
https://www.linkedin.com/in/cl%C3%A9ment-sengelen-09261354/,1
https://www.linkedin.com/in/dimitri-kassubeck-69764647/,1
https://www.linkedin.com/in/thomas-rapilly-00481167/,1
https://www.linkedin.com/in/raymond-y-xu/,1
https://www.linkedin.com/in/raffi-isanians/,1
https://www.linkedin.com/in/linling1,1
https://www.linkedin.com/in/evanseeyave,1
https://www.linkedin.com/in/ganesh-pimpale,1
https://linkedin.com/in/harshagundala,1
https://www.linkedin.com/in/walidmahd/,1
https://linkedin.com/in/yu-sam,1
https://www.linkedin.com/in/everett-lee-6540b41b3/,1
https://www.linkedin.com/in/james-spokes/,1
https://www.linkedin.com/in/adityav369/,1
https://www.linkedin.com/in/arnavagrawal03/,1
https://www.linkedin.com/in/aynaarora/,1
https://www.linkedin.com/in/andrew-spielberg-82073926a/,
https://www.linkedin.com/in/sam-stoll-02ab1228/,
https://www.linkedin.com/in/sean-conley-397b69b8/,1
https://www.linkedin.com/in/adish-jain/,1
https://www.linkedin.com/in/kylewade13731/,1
http://linkedin.com/in/jimmyliu98,1
https://linkedin.com/in/sachinkesiraju,
http://linkedin.com/in/aranibatta,
https://www.linkedin.com/in/khalidashmawy/,
https://www.linkedin.com/in/naijide-anwaer,
https://www.linkedin.com/in/wukenneth/,
https://www.linkedin.com/in/jasonliao02/,
https://www.linkedin.com/in/garrethlee,1
https://www.linkedin.com/in/alisareini/,
https://linkedin.com/in/amayrbabar,
https://linkedin.com/in/cameronflannery,
https://www.linkedin.com/in/evankay1/,
https://linkedin.com/in/adityarajagopal,
https://linkedin.com/in/diederik-vink,
https://www.linkedin.com/in/christopheblefari/,
https://www.linkedin.com/in/claire-gouze/,
https://www.linkedin.com/in/thomasliao/,
https://linkedin.com/in/sammendel2000,
https://linkedin.com/in/yekime,
https://www.linkedin.com/in/zhangalv/,
https://www.linkedin.com/in/kenneth-chan-340a6032a,
https://www.linkedin.com/in/zarif-azher-260b401bb/,
https://www.linkedin.com/in/samuel-xie14/,
https://www.linkedin.com/in/willothy/,
https://www.linkedin.com/in/john-finberg,
https://www.linkedin.com/in/dchu17/,
https://www.linkedin.com/in/mattstallone/,
https://www.linkedin.com/in/jason-madeano/,
https://linkedin.com/in/sejoonchang,
https://www.linkedin.com/in/ben-yoonsung-kim/,
https://linkedin.com/in/rgu0114,
https://linkedin.com/in/brianyla,
https://www.linkedin.com/in/ishanmehta2,
https://www.linkedin.com/in/iskhare,
https://www.linkedin.com/in/priya-khandelwal-86b84018b/,
https://www.linkedin.com/in/pritirangnekar/,
https://www.linkedin.com/in/nullswan/,
https://www.linkedin.com/in/anson-yu-231336141/,
https://linkedin.com/in/hudzah,
https://www.linkedin.com/in/lwchi/,
https://www.linkedin.com/in/giordano-lucas/,
https://www.linkedin.com/in/pinto-andrea,
https://www.linkedin.com/in/arhum-jain-54156330b/,
https://www.linkedin.com/in/emmanuel-margolin-907055351/,
https://linkedin.com/in/amulya-balakrishnan,
https://www.linkedin.com/in/aman-agarwal-ca,
https://www.linkedin.com/in/thegeorgesc/,
https://www.linkedin.com/in/mathieurihet/,
https://linkedin.com/in/aymannadeem,
https://linkedin.com/in/dylan-drover,
https://www.linkedin.com/in/arlan-rakhmetzhanov/,
https://www.linkedin.com/in/zanehh/,
https://www.linkedin.com/in/ende-shen/,
https://linkedin.com/in/madhav-m,
https://www.linkedin.com/in/abhijayrana/,
https://linkedin.com/in/daniel-rupawalla-5a2584228,
https://www.linkedin.com/in/louismurerwa/,
https://linkedin.com/in/michaelmoyo,
https://linkedin.com/in/ajaykoritala,
https://linkedin.com/in/akaashp,
https://linkedin.com/in/davistong,
https://linkedin.com/in/zhanghenri,
https://linkedin.com/in/anthony-ter,
https://www.linkedin.com/in/drewag,
https://www.linkedin.com/in/yooni-ahn/,
https://www.linkedin.com/in/alstonlin/,
https://linkedin.com/in/eldarov,
https://www.linkedin.com/in/varsha-ramesh/,
https://www.linkedin.com/in/zachjanicki,
https://www.linkedin.com/in/aayushtyagi,
https://www.linkedin.com/in/luofei-c/,
https://www.linkedin.com/in/mahyad-ghassemi/,
https://www.linkedin.com/in/thesauravmitra/,
https://linkedin.com/in/shreyguptaoc,
https://linkedin.com/in/bardiasafari,
https://www.linkedin.com/in/ishaan-sehgal/,
https://www.linkedin.com/in/kartiksarangmath/,
https://linkedin.com/in/joshi-avinash,
https://linkedin.com/in/ajith-govind,
https://linkedin.com/in/james-galbraith,
https://linkedin.com/in/arianna-galbraith,
https://www.linkedin.com/in/SebRoe,
https://linkedin.com/in/christian-kohrs-a760b2117,
https://linkedin.com/in/shayan-zakerzadeh,
https://linkedin.com/in/sepandd,
https://www.linkedin.com/in/alexander-dungate/,
https://linkedin.com/in/kiet-ho,
https://www.linkedin.com/in/danielrfarrell/,
https://linkedin.com/in/tyler-lehman,
https://linkedin.com/in/arthur-chi-000,
https://linkedin.com/in/connortriley,
https://linkedin.com/in/oliver-silverstein-42949515b,
https://linkedin.com/in/briancripe,
https://linkedin.com/in/anthony-trasatti,
https://www.linkedin.com/in/arthur-silverstein/,
https://www.linkedin.com/in/achintya-ashok/,
https://www.linkedin.com/in/nicholas-lee-93779a173/,
https://www.linkedin.com/in/eric-mei/,
https://www.linkedin.com/in/arjun-sahney-40b88624b/,
https://www.linkedin.com/in/ramgorthi,
https://www.linkedin.com/in/akhiliyengar/,
https://linkedin.com/in/fenilsuchak,
https://www.linkedin.com/in/adityalahiri/,
https://www.linkedin.com/in/aditya-lahiri-0b33261a/,
https://linkedin.com/in/abhishek-ray-29210145,
https://linkedin.com/in/amareshray/,
https://linkedin.com/in/abhiaarya,
https://www.linkedin.com/in/rishi-srihari/,
https://www.linkedin.com/in/vedant-vyas5/,
https://www.linkedin.com/in/vivaan-baid-119415177/,
https://www.linkedin.com/in/kushal-mohta-6926931b4/,
https://www.linkedin.com/in/kishansripada/,
https://www.linkedin.com/in/vihaar-nandigala/,
https://www.linkedin.com/in/alikav/,
https://www.linkedin.com/in/ege-kaan-duman-445731173/,
https://www.linkedin.com/in/raveen-kariyawasam-84b368295/,
https://www.linkedin.com/in/michael-bacani/,
https://www.linkedin.com/in/royacody/,
https://www.linkedin.com/in/giabachtran,
https://www.linkedin.com/in/kevin-lu-22724b1a5/,
https://www.linkedin.com/in/ross-doherty-992a2790,
https://www.linkedin.com/in/bschleuniger/,
https://www.linkedin.com/in/wcrosby/,
https://linkedin.com/in/tovacinni,
https://www.linkedin.com/in/allenhw,
https://www.linkedin.com/in/kenson-chung-837849230/,
https://www.linkedin.com/in/\\~finn/,
https://www.linkedin.com/in/~finn/,
https://www.linkedin.com/in/~kenson/,
https://www.linkedin.com/in/finn-m/,
https://www.linkedin.com/in/\\~kenson/,
https://linkedin.com/in/leo-paz,
https://www.linkedin.com/in/joshearle/,
https://www.linkedin.com/in/ahmedelshireef/,
https://www.linkedin.com/in/saif-elhager-18b96a202,
https://linkedin.com/in/anirudh-rahul-34a2bb195,
https://linkedin.com/in/kellylu1%F0%9F%8C%B1,
https://linkedin.com/in/kellylu1,
https://www.linkedin.com/in/jonathan-baer-profile/,
https://linkedin.com/in/caseytraina,
https://www.linkedin.com/in/phillipnadjafov/,
https://www.linkedin.com/in/amer-eid92/,
https://www.linkedin.com/in/agmalouf/,
https://www.linkedin.com/in/sparsh-sharma-design/,
https://linkedin.com/in/nitishsahni,
https://www.linkedin.com/in/chengderrick,
https://www.linkedin.com/in/mihirnpatil/,
https://www.linkedin.com/in/senta/,
https://www.linkedin.com/in/derek-ye-853412159/,
https://www.linkedin.com/in/leedsrising,
https://www.linkedin.com/in/marcosrico,
https://www.linkedin.com/in/harrison-tin-a260321b3/,
https://www.linkedin.com/in/wyattlansford,
https://linkedin.com/in/hazhubble,
https://www.linkedin.com/in/kaiwen-song/,
https://www.linkedin.com/in/alex-avnit-222b3611a/,
https://www.linkedin.com/in/nazlidanis/,1
https://linkedin.com/in/gabriele-venturi,
https://linkedin.com/in/rflih,
https://www.linkedin.com/in/jale,
https://www.linkedin.com/in/aaron-wenk,
https://www.linkedin.com/in/miloaschwartz/,
https://www.linkedin.com/in/owenschwartz,
https://www.linkedin.com/in/anthonyrassi,
https://www.linkedin.com/in/kamal-nahas/,
https://www.linkedin.com/in/wjwang2/,
https://www.linkedin.com/in/tyamin,
https://www.linkedin.com/in/aria-vikram/,
https://linkedin.com/in/paullafforgue,
https://linkedin.com/in/thomas-sohet-5291a868,
https://linkedin.com/in/mads-lunau-liechti-a51210185,
https://linkedin.com/in/anker-bach-ryhl,
https://www.linkedin.com/in/winwang,
https://www.linkedin.com/in/tannen-hall/,1
https://www.linkedin.com/in/pablobermudezcanete?utm_source=share,
https://linkedin.com/in/christopher-carlson-,
https://linkedin.com/in/david-e-weinberg,
https://www.linkedin.com/in/zihao-wang-mh/,
https://www.linkedin.com/in/gergely-csegzi-553b1aa5,
https://www.linkedin.com/in/mwhofer/,
https://www.linkedin.com/in/gergely-csegzi/,
https://www.linkedin.com/in/william-salcedo/,
https://www.linkedin.com/in/vamshibalanaga,
https://linkedin.com/in/jackson-perry,
https://linkedin.com/in/phildsmart,
https://linkedin.com/in/ian-edwards,
https://linkedin.com/in/nikki-a-shah,
https://linkedin.com/in/dhruhin,
https://linkedin.com/in/rohansood3107,
https://www.linkedin.com/in/asankhaya/,
https://linkedin.com/in/stan-l-107a3b1b2,
https://linkedin.com/in/katherine-wang-6760026a,
https://www.linkedin.com/in/vlaguna/,
https://linkedin.com/in/joshak18,
https://linkedin.com/in/mason-landon-smith,
https://www.linkedin.com/in/pennypinyichen/,
https://linkedin.com/in/ctle,
https://www.linkedin.com/in/benkilimnik/,
https://linkedin.com/in/etepnosnevets,
https://www.linkedin.com/in/qi-yang-mit/,
https://linkedin.com/in/nathanang,
https://www.linkedin.com/in/stephanieyoung1/,
https://linkedin.com/in/shawn-shivdat,
https://www.linkedin.com/in/kevin-bi-006426148/,
https://www.linkedin.com/in/davidzhu10/,
https://linkedin.com/in/alexandru-enache,
https://www.linkedin.com/in/rgmazilu/,
https://linkedin.com/in/nityaarora108,
https://linkedin.com/in/sachittarora,
https://www.linkedin.com/in/adam-chandler99/,
https://www.linkedin.com/in/alexander-densley/,
https://www.linkedin.com/in/steve-messinger-a32680155/,
https://www.linkedin.com/in/jason-k-cornelius/,
https://www.linkedin.com/in/aniruddh-sriram/,
https://www.linkedin.com/in/neer-jain/,
https://www.linkedin.com/in/eshan-dosani/,
https://www.linkedin.com/in/nicholaskovalsky/,
https://www.linkedin.com/in/kyle-hyun-woo-jung-a06814180/,
https://linkedin.com/in/levkk,
https://www.linkedin.com/in/j-m-wall/,
https://www.linkedin.com/in/jonathan-vw/,
https://www.linkedin.com/in/anton-zaliznyi/,
https://linkedin.com/in/felix-brann,
https://www.linkedin.com/in/matthewrj,1
https://linkedin.com/in/adam-mhatre-5b8aaa230,
https://linkedin.com/in/jennifer-y-song,1
https://www.linkedin.com/in/nisalr,1
https://www.linkedin.com/in/william-bodewes/,1
https://www.linkedin.com/in/keyu-chen-3a3026143/,1
https://linkedin.com/in/christiansafka,1
https://www.linkedin.com/in/emmettpkl/,1
https://www.linkedin.com/in/saniopkl/,1
https://www.linkedin.com/in/danielpkl/,1
https://www.linkedin.com/in/chrispkl/,
https://www.linkedin.com/in/sampkl/,1
https://www.linkedin.com/in/michael-xing-04216821a/,1
https://www.linkedin.com/in/morrie-schonfeld-1628002b1?utm_source=share,1
https://www.linkedin.com/in/aivanzhang/,1
https://www.linkedin.com/in/sr19943/,
https://www.linkedin.com/in/seanroades/,1
https://linkedin.com/in/sacellarius,1
https://linkedin.com/in/kris-pahuja-a59a905b,1
https://linkedin.com/in/arkoc,1
https://linkedin.com/in/pranavreddyg,1
https://linkedin.com/in/enrique-ferrao,1
https://linkedin.com/in/siddharthgir,1
https://linkedin.com/in/vignesh-rajmohan,1
https://www.linkedin.com/in/joeshearman/,1
https://www.linkedin.com/in/jd-light/,1
https://www.linkedin.com/in/joes20/,
https://www.linkedin.com/in/mbirk/,1
https://www.linkedin.com/in/johnccheng/,1
https://www.linkedin.com/in/felixgerlach/,1
https://linkedin.com/in/alexsporenberg,
https://www.linkedin.com/in/alexandersporenberg/,1
https://www.linkedin.com/in/roycea1/,1
https://www.linkedin.com/in/edouard-labarthe/,1
https://www.linkedin.com/in/marcello-de-bernardi/,1
https://www.linkedin.com/in/vaibhav-dubey-b31930128,1
https://linkedin.com/in/yusufhilmi,1
https://linkedin.com/in/yalamshah,1
https://linkedin.com/in/andrewbass,1
https://www.linkedin.com/in/brian-edward-williams/,1
https://linkedin.com/in/aagam-dalal,1
https://www.linkedin.com/in/boronghu/,1
https://www.linkedin.com/in/adityatewari/,1
https://www.linkedin.com/in/ransika-liyanage/,1
https://www.linkedin.com/in/jeffrey-magder-3a62563/,1
https://www.linkedin.com/in/diamondk/,1
https://linkedin.com/in/soo-yung-cho-53643811,1
https://linkedin.com/in/dominic-tully-b9418292,1
https://linkedin.com/in/davidgoerz3,1
https://www.linkedin.com/in/asamiller/,1
http://linkedin.com/in/dariusmonsef,1
https://linkedin.com/in/lucas-urbisaia,1
https://linkedin.com/in/soheil-sadabadi-3bb378135,
https://linkedin.com/in/hamza-bennis-143635a6,
https://linkedin.com/in/abdellah-lamrani-alaoui-6288a4a6,1
https://linkedin.com/in/nabil-toumi-b58b0084,
https://linkedin.com/in/bencherifs,
https://www.linkedin.com/in/landtantichot/,
https://www.linkedin.com/in/rkhanna23/,
https://www.linkedin.com/in/alexyliuswe,
https://www.linkedin.com/in/antoinebouchardy/,
https://www.linkedin.com/in/gearnode,
https://www.linkedin.com/in/jack-xu-jxinbox/,
https://www.linkedin.com/in/jaylicareer/,
https://www.linkedin.com/in/aeriklawson/,
https://www.linkedin.com/in/bulam/,
https://www.linkedin.com/in/jiaxinlin/,
https://www.linkedin.com/in/petermoot/,
https://www.linkedin.com/in/prithvi-r,
https://linkedin.com/in/frances-liu-1a426057,
https://www.linkedin.com/in/reader-wang-70bb31166/,
https://www.linkedin.com/in/jacob-golas/,
https://linkedin.com/in/justinwuokc,
https://linkedin.com/in/guoaaron,
https://linkedin.com/in/mingot,
https://linkedin.com/in/xavierdegracia,
https://www.linkedin.com/in/marc-papazian/,
https://www.linkedin.com/in/mattmattmattmatt/,
https://www.linkedin.com/in/matt-white-4750397b/,
https://www.linkedin.com/in/liam-collins-/,
https://www.linkedin.com/in/jacksonstokes/,1
https://www.linkedin.com/in/adam-mcquilkin/,
https://linkedin.com/in/samcrombie,
https://www.linkedin.com/in/joshua-passell-37939a152/,
https://www.linkedin.com/in/ryan-ali/,
https://www.linkedin.com/in/josh-passell-37939a152/,
https://linkedin.com/in/aditya-ganapathi,
https://linkedin.com/in/leon-ostrez-b55494178,
https://linkedin.com/in/zvonimirsabljic,
https://linkedin.com/in/senkorasic,
https://www.linkedin.com/in/joshua-wharton/,
https://www.linkedin.com/in/annanay-kapila/,
https://www.linkedin.com/in/shivam-agrawal,
https://www.linkedin.com/in/aaron-y-a12518ab/,
https://linkedin.com/in/rohan-datta-2500,
https://linkedin.com/in/yashvg,
https://www.linkedin.com/in/ritvikpandey22/,
https://www.linkedin.com/in/sidmanchkanti/,
https://www.linkedin.com/in/newmanhu/,
https://linkedin.com/in/sarthaksrinivas,
https://linkedin.com/in/benfking,
https://linkedin.com/in/louis-j-52841a105,
https://www.linkedin.com/in/louisjor/,
https://linkedin.com/in/jthompson4004,
https://linkedin.com/in/jjmachan,
https://linkedin.com/in/shahules,
https://linkedin.com/in/mohamed-taha-khalifa,
https://linkedin.com/in/adamskrocki,
https://linkedin.com/in/antoine-dewez-367774157,
https://linkedin.com/in/stanislas-girard,
https://linkedin.com/in/brian-laleye-31433386,
https://www.linkedin.com/in/nick-telecki,
https://www.linkedin.com/in/thiagoperespm/,
https://www.linkedin.com/in/boyuan-deng/,
https://linkedin.com/in/dyll,
https://www.linkedin.com/in/hugo-z-21197a122/,
https://linkedin.com/in/zkoticha,
https://linkedin.com/in/benhylak,
https://linkedin.com/in/levi-lian,
https://www.linkedin.com/in/ahumay,
https://linkedin.com/in/alexisgauba,
https://www.linkedin.com/in/augustin-baudoin/,
https://www.linkedin.com/in/papiswele/,
https://www.linkedin.com/in/baptiste-cumin/,
https://linkedin.com/in/j-qian,
https://linkedin.com/in/bora-mutluoglu,
https://linkedin.com/in/apomberger,
https://linkedin.com/in/daniel-wigh,
https://linkedin.com/in/dorothy-li-994a2213,
https://linkedin.com/in/tara-kappel-5baa6095,
https://linkedin.com/in/adamiseman,
https://www.linkedin.com/in/ilyakelner/,
https://www.linkedin.com/in/alex-neff-2245732b/,
https://linkedin.com/in/omarabuhashish,
https://www.linkedin.com/in/saifabuhashish/,
https://www.linkedin.com/in/pradhit/,
https://linkedin.com/in/pradhit-gosula-27a955149,
https://www.linkedin.com/in/christopher-settles/,
https://linkedin.com/in/erikquintanilla,
https://www.linkedin.com/in/spcrum/,
https://www.linkedin.com/in/willamasherman/,
https://www.linkedin.com/in/celiamanz,
https://www.linkedin.com/in/sanchezfdezjavier,
https://linkedin.com/in/wilcokruijer/,
https://www.linkedin.com/in/jan-schutte-183145135/,
https://www.linkedin.com/in/pasquale-antonante-5306524a/,
https://linkedin.com/in/yizhang0123,
https://www.linkedin.com/in/jairelan/,
https://linkedin.com/in/seandorje,
https://linkedin.com/in/dennis-zax-704165201,
https://linkedin.com/in/simranjit2112,
https://linkedin.com/in/bharathpbhat,
https://www.linkedin.com/in/rabii-malik/,
https://www.linkedin.com/in/hashimrehman/,
https://linkedin.com/in/isom,
https://www.linkedin.com/in/joseph-thalinjan,
https://www.linkedin.com/in/alix-maurin-850610148/,
https://www.linkedin.com/in/alex-matthews-1b282918b/,
https://www.linkedin.com/in/christos-antonopoulos-6534031b0/,
https://www.linkedin.com/in/rehan-sheikh-1102,
https://www.linkedin.com/in/blendibylygbashi/,
https://linkedin.com/in/vincentjh,
https://linkedin.com/in/alex-pesendorfer,
https://linkedin.com/in/nikhil-ajjarapu,
https://linkedin.com/in/jto98,
https://linkedin.com/in/haotian-li-ba327850,
https://linkedin.com/in/santrosyan,
https://www.linkedin.com/in/martinimmanuelbittner/,
https://www.linkedin.com/in/sandra-lifshits-a7a60284/,
https://www.linkedin.com/in/sandra-lifshits/,
https://www.linkedin.com/in/mjyip/,
https://www.linkedin.com/in/nithin-parsan,
https://www.linkedin.com/in/johnyang101,
https://www.linkedin.com/in/daniel-portela-febo/,
https://www.linkedin.com/in/isaac-t-1a51ab13a/,
https://www.linkedin.com/in/max-nuyen-460851129/,
https://www.linkedin.com/in/benjamin-mckinzey-19952a25b/,
https://linkedin.com/in/anam-h-5b37a2125,
https://linkedin.com/in/landseerenga,
https://linkedin.com/in/thomas-marge,
https://linkedin.com/in/derekmod,
https://linkedin.com/in/janetwkliu,
https://linkedin.com/in/michaelytong,
https://www.linkedin.com/in/bowen-liu/,
https://www.linkedin.com/in/rupesh-jeyaram/,
https://www.linkedin.com/in/antonio-monreal-71b0751b5/,
https://linkedin.com/in/veniamin-v-bb1985116,
https://www.linkedin.com/in/benediktstroebl/,
https://www.linkedin.com/in/kenny-zhang-jinlin/,
https://www.linkedin.com/in/adithreddi/,
https://www.linkedin.com/in/richard-g-15852b22b/,
https://www.linkedin.com/in/timothydaniel09,
https://www.linkedin.com/in/akshay326/,
https://www.linkedin.com/in/william-hu/,
https://www.linkedin.com/in/dasif/,
https://www.linkedin.com/in/shahryarabbasi/,
https://www.linkedin.com/in/sadiasaifuddin/,
https://www.linkedin.com/in/andrei-craciunescu/,
https://www.linkedin.com/in/abigailgrills/,
https://linkedin.com/in/aronsolberg,
https://www.linkedin.com/in/cmpaul/,
https://linkedin.com/in/aconfer,
https://linkedin.com/in/mallickprat,
https://linkedin.com/in/carterpry,
https://www.linkedin.com/in/shaun--lane/,
https://www.linkedin.com/in/daniel-tyshler-b742b217a/,
https://www.linkedin.com/in/awells/,
https://www.linkedin.com/in/rithwikpattikonda,
https://linkedin.com/in/zammitjames,
https://www.linkedin.com/in/gaucidaniel/,
https://www.linkedin.com/in/sabeek-pradhan-0135865a,
https://www.linkedin.com/in/collinbarnwell,
https://www.linkedin.com/in/akhilesh-sudhakar/,
https://www.linkedin.com/in/ramnique,
https://linkedin.com/in/arjunmaheswaran,
https://www.linkedin.com/in/chidiwilliams/,
https://linkedin.com/in/gideon-ebose-2a5187100,
https://www.linkedin.com/in/gideonos/,
https://linkedin.com/in/ismail-salim-cv,
https://www.linkedin.com/in/ivan-chan-959610b7/,
https://www.linkedin.com/in/ciaran-o-rourke-0a92a7236/,
https://linkedin.com/in/agritsevskiy,
https://www.linkedin.com/in/jack-bubes/,
https://www.linkedin.com/in/alec-olesky/,
https://linkedin.com/in/seanfmitchell,
https://www.linkedin.com/in/seva-levitski-4107053/,
https://www.linkedin.com/in/yadav-harsh/,
https://www.linkedin.com/in/thomasleonardsmith/,
https://linkedin.com/in/harsh-yadav-a382b911,
https://www.linkedin.com/in/simplyalam/,
https://www.linkedin.com/in/sp97/,
https://linkedin.com/in/bland-jacob,
https://www.linkedin.com/in/jackmcameron/,
https://www.linkedin.com/in/ben-rhodes-kropf-26b617217/,
https://www.linkedin.com/in/nelson-ray/,
https://www.linkedin.com/in/maciej-szymczyk-74392b1b8,
https://linkedin.com/in/aashish-jain-8ab164156,
https://linkedin.com/in/ranjanankit,
https://www.linkedin.com/in/alessiotoniolo,
https://www.linkedin.com/in/josephsavidge,
https://www.linkedin.com/in/badr-el-idrissi-mokdad-a36336177/,
https://linkedin.com/in/skand%C3%A8re-sahli-8a152616b,
https://linkedin.com/in/ismailmajjad,
https://www.linkedin.com/in/joshua-carey-5156a51aa/,
https://www.linkedin.com/in/shavvimalendiran/,
https://www.linkedin.com/in/jakob-knudsen5/,
https://www.linkedin.com/in/vedic-patel-539546238/,
https://linkedin.com/in/akshay-chalana,
https://www.linkedin.com/in/akshaychalana/,
https://linkedin.com/in/oavatare,
https://www.linkedin.com/in/michaelettlinger/,
https://linkedin.com/in/amaljolly,
https://www.linkedin.com/in/rohit-vaish/,
https://www.linkedin.com/in/ramakant-yadav1/,
https://www.linkedin.com/in/amandeep-singh0/,
https://www.linkedin.com/in/melvinhagberg/,
https://linkedin.com/in/griffithjames,
https://www.linkedin.com/in/jonnybrowning/,
https://linkedin.com/in/browningandrew,
https://www.linkedin.com/in/noah-p-fichter/,
https://www.linkedin.com/in/maxbertfield/,
https://www.linkedin.com/in/sukhjit-singh-ut/,
https://www.linkedin.com/in/sriman-gaddam/,
https://www.linkedin.com/in/john-piotti-51a67412a/,
https://www.linkedin.com/in/anubhav-guha-886445129/,
https://www.linkedin.com/in/staciearechavala/,
https://linkedin.com/in/kevindbui,
https://linkedin.com/in/rachelsylee,
https://linkedin.com/in/claire-s-lee,
https://linkedin.com/in/f3d0r,
https://www.linkedin.com/in/kathleenhu/,
https://www.linkedin.com/in/robert-lin1/,
https://www.linkedin.com/in/javiergzz/,
https://www.linkedin.com/in/fernando-huerta-zuniga/,
https://www.linkedin.com/in/huriegas,
https://www.linkedin.com/in/luismariogarcia/,
https://www.linkedin.com/in/r9a/,
https://linkedin.com/in/daivikg,
https://linkedin.com/in/kumaravinash-avi-konduru-54b3a6bb,
https://www.linkedin.com/in/savannah-tynan-13272a157/,
https://www.linkedin.com/in/lu-nicole/,
https://www.linkedin.com/in/rohil-khare/,
https://www.linkedin.com/in/tamzid-razzaque/,
https://www.linkedin.com/in/nikhil-shankar-3090131b7/,
https://www.linkedin.com/in/jayeshkg/,
https://www.linkedin.com/in/crisbodnar/,
https://www.linkedin.com/in/emir-karabeg-53ab52196/,
https://www.linkedin.com/in/waleedlatif,
https://www.linkedin.com/in/tigran-bdoyan/details/experience/,
https://www.linkedin.com/in/vrishanksaini/,
https://www.linkedin.com/in/catherynli/,
https://www.linkedin.com/in/zach-kamran/,
https://linkedin.com/in/marco-nocito/,
https://www.linkedin.com/in/shreya-karpoor/,
https://www.linkedin.com/in/antonio-chan/,
https://www.linkedin.com/in/nathan-belaye-931005149/,
https://www.linkedin.com/in/pranjali-awasthi-neuro/,
https://www.linkedin.com/in/dhruv-roongta-421a7b214/,
https://www.linkedin.com/in/harsha-gaddipati-032bb820a/,
https://www.linkedin.com/in/connor-park24/,
https://www.linkedin.com/in/ben-smith-b15b12293/,
https://linkedin.com/in/domcrosby/,
https://linkedin.com/in/ben-h-warren,
https://linkedin.com/in/christopher-price-59a24b178,
https://linkedin.com/in/saarthshah,
https://www.linkedin.com/in/riya-jagetia/,
https://www.linkedin.com/in/satya-vasanth/,
https://www.linkedin.com/in/patjfin/,
https://www.linkedin.com/in/mark-hughes-a36915a7/,
https://linkedin.com/in/linus-malmen,
https://www.linkedin.com/in/hermanbaverudolsson/,
https://www.linkedin.com/in/sorenaamini,
https://linkedin.com/in/raban,
https://www.linkedin.com/in/hausleitnerb/,
https://www.linkedin.com/in/ryan-tremblay-62429a86/,
https://linkedin.com/in/hhousen,
https://linkedin.com/in/lukas-wolf-14a992143,
https://linkedin.com/in/chris-aeberli,
https://linkedin.com/in/dustin-klebe-679675163,
https://linkedin.com/in/wu-julia,
https://www.linkedin.com/in/taehnkim/,
http://linkedin.com/in/alexandreberkovic,
https://linkedin.com/in/chrisjan-wust,
https://www.linkedin.com/in/avecchi/,
https://linkedin.com/in/rezafetanat,
https://linkedin.com/in/pauldietrich98,
https://linkedin.com/in/leonhergert,
https://linkedin.com/in/pascal-schindler,
https://www.linkedin.com/in/austintindle/,
https://linkedin.com/in/ashi-dissanayake,
https://www.linkedin.com/in/maxmclau/,
https://linkedin.com/in/diandre-ruiz-6a1370265,
https://linkedin.com/in/markbuckler,
https://linkedin.com/in/justinparus,
https://www.linkedin.com/in/diandre-ruiz/,
https://www.linkedin.com/in/veszpremimarcell/,
https://www.linkedin.com/in/ivan-avanesov-2b511515a/,
https://www.linkedin.com/in/aryansharma12358,
https://www.linkedin.com/in/raymond-allie/,
https://www.linkedin.com/in/jacob-phelan-9359222a5,
https://linkedin.com/in/aditya-nadkarni,
https://linkedin.com/in/terrellm,
https://www.linkedin.com/in/samuelsmeys/,
https://www.linkedin.com/in/lander-degr%C3%A8ve/,
https://www.linkedin.com/in/manuvanderveeren/,
https://www.linkedin.com/in/n2d4,
https://www.linkedin.com/in/zaishi,
https://www.linkedin.com/in/stan-wohlwend-b30340167/,
https://linkedin.com/in/anushka-nijhawan-8380361b1,
https://www.linkedin.com/in/sivakumarsneha/,
https://www.linkedin.com/in/rajsekhark/,1
https://www.linkedin.com/in/edwardaryee/,
https://linkedin.com/in/4architmehta,
https://www.linkedin.com/in/juliangoetze/,
https://www.linkedin.com/in/glenntws/,
https://linkedin.com/in/leila-clark-898548131,
https://www.linkedin.com/in/adioltean/,
https://www.linkedin.com/in/johnstonphilip/,
https://www.linkedin.com/in/ezrafeilden/,1
https://linkedin.com/in/qi-zhang-21211264,
https://linkedin.com/in/zhenruming,
https://www.linkedin.com/in/worku,
https://www.linkedin.com/in/yonas-beshawred/,
https://linkedin.com/in/ethan-childerhose,
https://www.linkedin.com/in/owen-brake-39363a169/,
https://www.linkedin.com/in/moncef-djafri-100425247/,
https://www.linkedin.com/in/mariem-ould-ismail-b45917262/,
https://linkedin.com/in/divamgupta,
https://linkedin.com/in/rohan-m-joshi,
https://www.linkedin.com/in/ralph-rouhana,
https://www.linkedin.com/in/iulia-raluca-turc/,1
https://www.linkedin.com/in/blake-shao-46597b21b/,1
https://www.linkedin.com/in/adnan-sherif-as/,
https://www.linkedin.com/in/mihaileric/,
https://www.linkedin.com/in/jialiang-zhou,
https://www.linkedin.com/in/yashmr/,
https://linkedin.com/in/karmedge,
https://www.linkedin.com/in/prathamhombal,
https://www.linkedin.com/in/siddhartha-javvaji-23b81617a/,
https://www.linkedin.com/in/aaravpatel04,
https://www.linkedin.com/in/ronitjain5,1
https://www.linkedin.com/in/ankitraparthi/,
https://www.linkedin.com/in/dylan-bowman-68a56218b/,1
https://www.linkedin.com/in/mhtang2/,
https://linkedin.com/in/omojola,
https://linkedin.com/in/inderpals,
https://www.linkedin.com/in/alexchantavy/,1
https://www.linkedin.com/in/kunaals/,
https://linkedin.com/in/sachin-sridhar,
https://linkedin.com/in/adtac,
https://www.linkedin.com/in/stephen-walter-sunset/,
https://www.linkedin.com/in/kaelaworthen/,
https://linkedin.com/in/adinagoerres,1
https://www.linkedin.com/in/stefan-faistenauer/,1
https://www.linkedin.com/in/shravan-kumaran-7b2b80123/,
https://www.linkedin.com/in/carter-mcclellan/,
https://www.linkedin.com/in/zachary-yellin-flaherty/,
https://www.linkedin.com/in/marler/,
https://www.linkedin.com/in/tylerrich,
https://www.linkedin.com/in/kevin-bao/,
https://www.linkedin.com/in/sherrilwang,
https://www.linkedin.com/in/manishchauhan01/,1
https://www.linkedin.com/in/sanketmunjal/,
https://linkedin.com/in/yjwxiao,
https://linkedin.com/in/bchi,
https://linkedin.com/in/dnsbty,
https://www.linkedin.com/in/brett-t-beatty,
https://linkedin.com/in/davidlalor5,
https://linkedin.com/in/rakeebhossain,
https://linkedin.com/in/shobhit-srivastava,
https://www.linkedin.com/in/-murtazaali/,
https://www.linkedin.com/in/emiliano-bonilla-8a0a95187/,1
https://www.linkedin.com/in/patrick-dotson/,1
https://www.linkedin.com/in/elham-islam-/,
https://www.linkedin.com/in/chad-rigetti-9891562,
https://www.linkedin.com/in/idaliafriedson/,
https://www.linkedin.com/in/rudrabha/,1
https://linkedin.com/in/prady-modukuru,1
https://www.linkedin.com/in/prajwalrenukanand/,
https://linkedin.com/in/pavan-reddy-8bb85a67,
https://www.linkedin.com/in/joshua-purtell/,
https://linkedin.com/in/soroush-saryazdi-792365175,1
https://www.linkedin.com/in/jasonxzhou/,1
https://linkedin.com/in/elliot-tague,
https://linkedin.com/in/nathan-tague-533019198,
https://linkedin.com/in/kilian-j,1
https://www.linkedin.com/in/tim-hermes/,
https://www.linkedin.com/in/markus-jungnickel/,1
https://www.linkedin.com/in/ayushaadijain/,
https://www.linkedin.com/in/joshua-doolan,
https://www.linkedin.com/in/ben-doolan-66aa64204/,
https://www.linkedin.com/in/aniketh-kolla-1043b01a0/,
https://www.linkedin.com/in/supreetdeshpande/,
https://www.linkedin.com/in/sahitya-sridhar/,
https://www.linkedin.com/in/rajashekar-v/,
https://www.linkedin.com/in/kavandoctor/,
https://linkedin.com/in/aaronbchew,
https://linkedin.com/in/brendansuh,
https://linkedin.com/in/rafisands,1
https://linkedin.com/in/chkashifali,
https://linkedin.com/in/imaceda,
https://www.linkedin.com/in/afsharikia/,
https://www.linkedin.com/in/roksana-baleshzar/,1
https://www.linkedin.com/in/gauravluhariwala/,
https://www.linkedin.com/in/bhavesh-tolia-a17a37164/,
https://www.linkedin.com/in/sebhs/,
https://www.linkedin.com/in/finnzurmuehlen/,
https://www.linkedin.com/in/philipp-baumanns-a2986ab9/,
https://www.linkedin.com/in/philipp-b-a2986ab9/,
https://linkedin.com/in/agam-jn,
https://linkedin.com/in/samagra-sharma-4476bb135,1
https://www.linkedin.com/in/dylan-mcfarland/,
https://www.linkedin.com/in/lev-glushkovskii/,1
https://www.linkedin.com/in/hlumelo-notshe,1
https://www.linkedin.com/in/joshkmartinez/,1
https://www.linkedin.com/in/tycho-svoboda/,1
https://www.linkedin.com/in/adambowen03/,
https://linkedin.com/in/nedoleary,
https://www.linkedin.com/in/ucarion/,
https://linkedin.com/in/jfainberg,
https://linkedin.com/in/geoffrey-negiar,1
https://www.linkedin.com/in/vivek-r-928871173/,
https://www.linkedin.com/in/federico-reyes-gomez,
https://www.linkedin.com/in/rushishah01/,
https://www.linkedin.com/in/parasmaniar/,
https://www.linkedin.com/in/prahar-patel,
https://www.linkedin.com/in/peyton-shields,
https://www.linkedin.com/in/ravenmax/,
https://www.linkedin.com/in/daanishkhazi/,
https://linkedin.com/in/thegavinbains,
https://www.linkedin.com/in/jpbesgen/,
https://linkedin.com/in/derrickwolbert,
https://linkedin.com/in/qcarlson,
https://linkedin.com/in/reuben-balik,
https://www.linkedin.com/in/albertputrapurnama/,
https://www.linkedin.com/in/michelle-marcelline/,
https://www.linkedin.com/in/kevin-chandra-88446b33/,
https://www.linkedin.com/in/jason-gross-86b72125/,
https://www.linkedin.com/in/rajashreeagrawal/,
https://www.linkedin.com/in/tanmayxsharma/,
https://www.linkedin.com/in/rayan-garg/,1
https://www.linkedin.com/in/gurvir-s/,
https://linkedin.com/in/reginaclin,1
https://linkedin.com/in/kevinrgu,
https://www.linkedin.com/in/jannik-grothusen/,1
https://www.linkedin.com/in/yoav-zimmerman-05653252/,
https://www.linkedin.com/in/shouryalala/,
https://linkedin.com/in/ellenfkh,
https://linkedin.com/in/doris-lee-wilson,1
https://linkedin.com/in/john-h-stimac,
https://linkedin.com/in/sacha-levy,
https://linkedin.com/in/ian-laffey-943200247,1
https://www.linkedin.com/in/carlscho,
https://linkedin.com/in/arnau-ayerbe,1
https://www.linkedin.com/in/bmerey/,
https://linkedin.com/in/pjdepargar,
https://linkedin.com/in/jenica-zhong,
https://linkedin.com/in/jfang707,
https://linkedin.com/in/fsanmartinjorquera,
https://www.linkedin.com/in/dflantz/,
https://www.linkedin.com/in/brian-model/,
https://www.linkedin.com/in/cpeterson42,
https://linkedin.com/in/ryan-clare-782299196,
https://www.linkedin.com/in/lucas-i-b20187128/,
https://www.linkedin.com/in/truman-gelnovatch-52442218a/,
https://www.linkedin.com/in/ldevalliere/,
https://www.linkedin.com/in/edward-zhang-14685828/,
https://linkedin.com/in/paul-witten-39579715a,
https://linkedin.com/in/tej-seelamsetty,1
https://www.linkedin.com/in/aumesh-misra,
https://www.linkedin.com/in/sacha-servan-schreiber-308341305/,
https://linkedin.com/in/nate-sales,1
https://www.linkedin.com/in/jdrean,1
https://www.linkedin.com/in/tanya-verma-130a23124/,
https://linkedin.com/in/colin-holter-ab1118116,
https://linkedin.com/in/amith-vanmane,
https://linkedin.com/in/saif-ur-rahman,1
https://linkedin.com/in/rohan-mayya-a9b341173,
https://www.linkedin.com/in/ma06nicole/,
https://www.linkedin.com/in/zeyneb-kaya/,1
https://www.linkedin.com/in/andy-z/,
https://linkedin.com/in/adam-dorfman,
https://linkedin.com/in/artur-romanov,
https://www.linkedin.com/in/timcherkasov/,
https://www.linkedin.com/in/johnnychen54/,
https://www.linkedin.com/in/mkerrig/,
https://www.linkedin.com/in/malapier,
https://www.linkedin.com/in/saner-cakir-697385300/,
https://www.linkedin.com/in/kayla-lee-715149160/,1
https://www.linkedin.com/in/xinwei-he-586512134/,
https://www.linkedin.com/in/zechengzhang/,
https://www.linkedin.com/in/liam-breen-456081124/,
https://www.linkedin.com/in/liam-b-456081124/,
https://www.linkedin.com/in/taryn-reardon/,
https://www.linkedin.com/in/chrismychen/,
https://www.linkedin.com/in/betchang,
https://www.linkedin.com/in/alexanderqchen/,
https://www.linkedin.com/in/emc329/,
https://www.linkedin.com/in/william-m-gao/,
https://www.linkedin.com/in/emanuelgordis/,
https://linkedin.com/in/nicholas-khami-5a0a7a135,1
https://linkedin.com/in/denzell-ford,
https://www.linkedin.com/in/rahul-karajgikar,
https://linkedin.com/in/peter-wachira-tripitaca,
https://linkedin.com/in/collins-muthinja-trippi,
https://www.linkedin.com/in/hoangnamm21/,
https://www.linkedin.com/in/ayush-karupakula,
https://www.linkedin.com/in/shaunak-srivastava-244567163/,
https://www.linkedin.com/in/graysonpike/,
https://linkedin.com/in/anh-mac,
https://www.linkedin.com/in/alexander-talamonti/,
https://www.linkedin.com/in/aarush-kukreja/,
https://linkedin.com/in/sirapop-klinkachorn-stanford,
https://www.linkedin.com/in/yashsahota,
https://www.linkedin.com/in/jasonjche/,
https://linkedin.com/in/jhslin,
https://www.linkedin.com/in/peter-wachira-trippi/,
https://www.linkedin.com/in/adhitsankaran/,
https://www.linkedin.com/in/william-barthell/,
https://linkedin.com/in/rosalind-shinkle,
https://www.linkedin.com/in/adamjeansimmons/,
https://www.linkedin.com/in/kevin-bailey-2951b0162/,
https://www.linkedin.com/in/hyunjiejung/,
https://www.linkedin.com/in/jun-park314/,
https://www.linkedin.com/in/sounhochung/,
https://linkedin.com/in/aschung01,
https://www.linkedin.com/in/samanthawu/,
https://www.linkedin.com/in/adam-j-bonder-md-mba-83b7a254/,
https://www.linkedin.com/in/noahauerhahn/,
https://www.linkedin.com/in/ryanlimphd,
https://linkedin.com/in/rajaramsrinivasan,
https://www.linkedin.com/in/vigneshsubbiah16/,
https://www.linkedin.com/in/thomas-hartke-229a0679/,
https://linkedin.com/in/joshua-ramette-50984791,
https://linkedin.com/in/oliver-zou,
https://www.linkedin.com/in/chetan-parthiban,
https://www.linkedin.com/in/jmschwartz11,
https://www.linkedin.com/in/mfriefeld,
https://www.linkedin.com/in/oliverortlieb,
https://linkedin.com/in/michaelhan3,
https://linkedin.com/in/danielhanchen,
https://linkedin.com/in/willjack,
https://www.linkedin.com/in/keller-maloney-130856187/,
https://www.linkedin.com/in/thomas-baker-457789129/,
https://www.linkedin.com/in/adamsuskin/,
https://linkedin.com/in/zaidqureshi,
https://linkedin.com/in/muhammad-sabir,
https://www.linkedin.com/in/hammad2,
https://www.linkedin.com/in/love-redin/,
https://www.linkedin.com/in/ulme-wennberg/,
https://linkedin.com/in/hoopla,
https://www.linkedin.com/in/dbulhosa/,
https://linkedin.com/in/charles-zhengqi-yong,
https://www.linkedin.com/in/simonooley/,
https://linkedin.com/in/patkoperwas,
https://www.linkedin.com/in/pietro-demicheli/,
https://www.linkedin.com/in/anir-prativadi-4aa4881ba/,
https://linkedin.com/in/pouya-modareszadeh,
https://linkedin.com/in/parsa-modareszadeh,
https://linkedin.com/in/jarrenreid,
https://www.linkedin.com/in/oliveragomez/,
https://www.linkedin.com/in/p-sriram/,
https://www.linkedin.com/in/joonghyun-lee/,
https://www.linkedin.com/in/shanmohta/,
https://www.linkedin.com/in/anish-bhardwaj-00109695/,
https://www.linkedin.com/in/anish-b-00109695/,
https://linkedin.com/in/neilnie,
https://linkedin.com/in/adityajha21,
https://www.linkedin.com/in/kashyab-ambarani/,
https://www.linkedin.com/in/maxime-allouch/,
https://www.linkedin.com/in/taiebbennani/,
https://www.linkedin.com/in/rishi-mahadevan-625844109/,
https://www.linkedin.com/in/davidschles/,
https://www.linkedin.com/in/joshuamarch/,
https://www.linkedin.com/in/josephstein1,
https://linkedin.com/in/dudu-lasry-05022879,
https://linkedin.com/in/topaz-t,
https://www.linkedin.com/in/henrik-hansson-1571a8187/,
https://www.linkedin.com/in/ludvig-swanstr%C3%B6m-73ab49114/,
https://linkedin.com/in/adamsteinle,
https://linkedin.com/in/djyoesep,
https://linkedin.com/in/shuying-sofia-zhang-91902866,
https://www.linkedin.com/in/katiabazzi/,
https://www.linkedin.com/in/raycmorgan/,
https://linkedin.com/in/armankaregar,
https://linkedin.com/in/max-henry-xie,
https://www.linkedin.com/in/chrisnolet,
https://www.linkedin.com/in/elia-saquand-bb977b18a/,
https://www.linkedin.com/in/alepacca,
https://linkedin.com/in/rogercawdette,1
https://linkedin.com/in/tchowd,
https://linkedin.com/in/musa-aqeel,
https://www.linkedin.com/in/danielmartinezdev,
https://linkedin.com/in/dg314,
https://linkedin.com/in/antonckoenig,
https://linkedin.com/in/petar-matejic,
https://linkedin.com/in/maximkraft,
https://www.linkedin.com/in/ckore/,
https://linkedin.com/in/mathew-pareles/,
https://linkedin.com/in/andrew-pareles,
https://www.linkedin.com/in/brogan-mcpartland-05830031a/,
https://www.linkedin.com/in/vivek-jayaram/,
https://www.linkedin.com/in/jonah-daian,
https://linkedin.com/in/parker-bjur-7bb368178,
https://linkedin.com/in/francis-brokering,
https://www.linkedin.com/in/mbokinala/,
https://www.linkedin.com/in/victor-cheng-89a161180/,
https://www.linkedin.com/in/tyler-postle/,
https://www.linkedin.com/in/alex-r-87470a198/,
https://www.linkedin.com/in/pushkarlanka/,
https://www.linkedin.com/in/diogo-vddc/,
https://linkedin.com/in/manuj-mishra,
https://www.linkedin.com/in/errowell/,
https://www.linkedin.com/in/okra,
https://linkedin.com/in/kylerblue,
https://www.linkedin.com/in/fabiendevos,
https://www.linkedin.com/in/tanner-jones-817192167/,
https://www.linkedin.com/in/franzwarning/,
https://www.linkedin.com/in/chrisminge,
https://www.linkedin.com/in/aleksander-mekhanik-41547b272/,
https://www.linkedin.com/in/vrntandon/,
https://www.linkedin.com/in/in-in-in/,
https://www.linkedin.com/in/ryan-johnston-b919a7180/,
https://www.linkedin.com/in/adam-b-cohen/,
https://www.linkedin.com/in/andrew-d-churchill/,
https://www.linkedin.com/in/kaan-dogrusoz-073b748a/,
https://www.linkedin.com/in/ecwineland/,
https://www.linkedin.com/in/devraj-gopal-6a5865284,
https://www.linkedin.com/in/steven-segawa/,
https://www.linkedin.com/in/dev-gopal/,
https://www.linkedin.com/in/david-de-rothschild-1998afd0210/,
https://www.linkedin.com/in/samuel-marciano/,
https://www.linkedin.com/in/raphaÃ«l-krief-237a79217/,
https://www.linkedin.com/in/kaushikmahorker/,
https://www.linkedin.com/in/y-patel/,
https://www.linkedin.com/in/rohanprashant,
https://linkedin.com/in/jacobtucker,
https://www.linkedin.com/in/gray-newfield-447b9b111/,
https://www.linkedin.com/in/noah-newfield-208a40129/,
https://www.linkedin.com/in/chefeckert/,
https://www.linkedin.com/in/bentcollins/,
https://www.linkedin.com/in/bradleymeckert/,
https://www.linkedin.com/in/yudovskiy/,
https://www.linkedin.com/in/joel-n-h-stern-07a4342/,
https://www.linkedin.com/in/odinalex/,
https://linkedin.com/in/dmitrykarpov,
https://www.linkedin.com/in/allan-guo/,
https://linkedin.com/in/robertjhchandler,
https://linkedin.com/in/filipkozera,
https://linkedin.com/in/pratikgangwal,
https://linkedin.com/in/akshay-megharaj-aba3646,
https://linkedin.com/in/theaniketg,
https://linkedin.com/in/rakshitbansal,
https://linkedin.com/in/everett-ivy-b686b0248,
https://www.linkedin.com/in/luke-adams-8528b72b1,
https://linkedin.com/in/brian-payne-a1460511b,
https://www.linkedin.com/in/aryanag15/,
https://www.linkedin.com/in/ashutoshpurohit97/,
https://linkedin.com/in/jotachamorro,
https://linkedin.com/in/adolfo-roquero-gimenez-a8b853181,
https://www.linkedin.com/in/luciavivesmartorell/,
https://www.linkedin.com/in/david-yu-871202244/,
https://linkedin.com/in/achyut-byanjankar,
https://linkedin.com/in/soamikapadia,
https://linkedin.com/in/74hm1d,
https://linkedin.com/in/michael-chen-17464a1b1,
https://www.linkedin.com/in/mcbornstein/,
https://www.linkedin.com/in/v-waldthausen/,
https://www.linkedin.com/in/rprendergast,
https://www.linkedin.com/in/theodore-li-0425b5177/,
https://linkedin.com/in/knouroozi,
https://www.linkedin.com/in/amir--mehr/,
https://www.linkedin.com/in/tahirdme/,
https://www.linkedin.com/in/bronte-kolar/,
https://www.linkedin.com/in/danielchalef/,
https://www.linkedin.com/in/nizar-abi-zaher-801462272,
https://www.linkedin.com/in/ajxb/,
https://www.linkedin.com/in/anirudh-ramprasad-7aa7b8215/,
https://www.linkedin.com/in/dbudiman/,
https://linkedin.com/in/sebastiancrossa,
https://www.linkedin.com/in/jonathanchatab,
https://linkedin.com/in/sdamashek,
https://www.linkedin.com/in/greg-volynsky-3b863177/,
https://linkedin.com/in/ghita-houir-alami,
https://www.linkedin.com/in/nicholas-pipitone-5736a2107/,
https://www.linkedin.com/in/raphael-karger/,
https://www.linkedin.com/in/nathan-hrncirik/,
https://www.linkedin.com/in/etienne-lunetta-574065313/,
https://www.linkedin.com/in/dean-valentine-3b7583313/,
https://linkedin.com/in/audrey-elodie-djiya-7a7a24101,
https://www.linkedin.com/in/nsakapeter/,
https://www.linkedin.com/in/prithvi-raj-eng/,1
https://www.linkedin.com/in/almqv,1
https://www.linkedin.com/in/george-seabridge/,1
